FECHA_CORTE,FECHA_MUESTRA,SUBREGION,PROVINCIA,DISTRITO,UBIGUEO_ESTABLECIMIENTO,IPRESS,CATEGORIA,MICRORED,RED,EJECUTORA,RENAES,PERIODO,MES,G_AD_9_11,G_AD_12_17,G_AD_18,,,,,,,,,,,,
20240206,20240216,LUCIANO CASTILLO COLONNA,SULLANA,SULLANA,200601,HOSPITAL DE APOYO II - 2 SULLANA,II-2,NO PERTENECE A NINGUNA MICRORED,NO PERTENECE A NINGUNA RED,HOSPITAL DE APOYO III SULLANA,1910,2024,1,0,1,1,,,,,,,,,,,,
20240206,20240216,LUCIANO CASTILLO COLONNA,AYABACA,AYABACA,200201,AYABACA,I-4,AYABACA,AYABACA,SALUD LUCIANO CASTILLO COLONNA,1911,2024,1,0,5,0,,,,,,,,,,,,
20240206,20240216,LUCIANO CASTILLO COLONNA,AYABACA,AYABACA,200201,TAPAL,I-2,AYABACA,AYABACA,SALUD LUCIANO CASTILLO COLONNA,1912,2024,1,0,0,1,,,,,,,,,,,,
20240206,20240216,LUCIANO CASTILLO COLONNA,AYABACA,AYABACA,200201,CHINCHIN,I-1,AYABACA,AYABACA,SALUD LUCIANO CASTILLO COLONNA,1913,2024,1,0,0,0,,,,,,,,,,,,
20240206,20240216,LUCIANO CASTILLO COLONNA,AYABACA,AYABACA,200201,OLLEROS,I-2,AYABACA,AYABACA,SALUD LUCIANO CASTILLO COLONNA,1914,2024,1,0,2,0,,,,,,,,,,,,
20240206,20240216,LUCIANO CASTILLO COLONNA,AYABACA,AYABACA,200201,ARAGOTO,I-2,AYABACA,AYABACA,SALUD LUCIANO CASTILLO COLONNA,1915,2024,1,0,0,0,,,,,,,,,,,,
20240206,20240216,LUCIANO CASTILLO COLONNA,AYABACA,AYABACA,200201,CHOCAN,I-2,AYABACA,AYABACA,SALUD LUCIANO CASTILLO COLONNA,1916,2024,1,0,0,0,,,,,,,,,,,,
20240206,20240216,LUCIANO CASTILLO COLONNA,AYABACA,AYABACA,200201,YANCHALA,I-2,AYABACA,AYABACA,SALUD LUCIANO CASTILLO COLONNA,1917,2024,1,0,0,0,,,,,,,,,,,,
20240206,20240216,LUCIANO CASTILLO COLONNA,AYABACA,AYABACA,200201,ARREYPITE - PINGOLA,I-1,AYABACA,AYABACA,SALUD LUCIANO CASTILLO COLONNA,1918,2024,1,0,0,0,,,,,,,,,,,,
20240206,20240216,LUCIANO CASTILLO COLONNA,AYABACA,AYABACA,200201,CALVAS DE SAMANGA,I-1,AYABACA,AYABACA,SALUD LUCIANO CASTILLO COLONNA,1919,2024,1,0,0,0,,,,,,,,,,,,
20240206,20240216,LUCIANO CASTILLO COLONNA,AYABACA,AYABACA,200201,ESPINDOLA,I-2,AYABACA,AYABACA,SALUD LUCIANO CASTILLO COLONNA,1920,2024,1,0,0,0,,,,,,,,,,,,
20240206,20240216,LUCIANO CASTILLO COLONNA,AYABACA,AYABACA,200201,REMOLINOS,I-1,AYABACA,AYABACA,SALUD LUCIANO CASTILLO COLONNA,1921,2024,1,0,0,0,,,,,,,,,,,,
20240206,20240216,LUCIANO CASTILLO COLONNA,AYABACA,AYABACA,200201,ANDURCO,I-1,AYABACA,AYABACA,SALUD LUCIANO CASTILLO COLONNA,1922,2024,1,0,0,0,,,,,,,,,,,,
20240206,20240216,LUCIANO CASTILLO COLONNA,AYABACA,AYABACA,200201,HUIRIQUINGUE,I-1,AYABACA,AYABACA,SALUD LUCIANO CASTILLO COLONNA,1923,2024,1,0,0,0,,,,,,,,,,,,
20240206,20240216,LUCIANO CASTILLO COLONNA,AYABACA,AYABACA,200201,HUACHUMA,I-1,AYABACA,AYABACA,SALUD LUCIANO CASTILLO COLONNA,1924,2024,1,0,0,0,,,,,,,,,,,,
20240206,20240216,LUCIANO CASTILLO COLONNA,AYABACA,AYABACA,200201,SAUSAL,I-1,AYABACA,AYABACA,SALUD LUCIANO CASTILLO COLONNA,1925,2024,1,0,0,0,,,,,,,,,,,,
20240206,20240216,LUCIANO CASTILLO COLONNA,AYABACA,AYABACA,200201,EL TOLDO,I-1,AYABACA,AYABACA,SALUD LUCIANO CASTILLO COLONNA,1926,2024,1,0,0,0,,,,,,,,,,,,
20240206,20240216,LUCIANO CASTILLO COLONNA,AYABACA,AYABACA,200201,SAMANGUILLA,I-1,AYABACA,AYABACA,SALUD LUCIANO CASTILLO COLONNA,1927,2024,1,0,1,0,,,,,,,,,,,,
20240206,20240216,LUCIANO CASTILLO COLONNA,AYABACA,AYABACA,200201,CHARAN,I-1,AYABACA,AYABACA,SALUD LUCIANO CASTILLO COLONNA,1928,2024,1,0,0,0,,,,,,,,,,,,
20240206,20240216,LUCIANO CASTILLO COLONNA,AYABACA,AYABACA,200201,LAGUNAS DE CANGLY,I-1,AYABACA,AYABACA,SALUD LUCIANO CASTILLO COLONNA,1929,2024,1,0,0,0,,,,,,,,,,,,
20240206,20240216,LUCIANO CASTILLO COLONNA,AYABACA,AYABACA,200201,PORTACHUELO DE YANTA,I-2,AYABACA,AYABACA,SALUD LUCIANO CASTILLO COLONNA,1930,2024,1,0,0,0,,,,,,,,,,,,
20240206,20240216,LUCIANO CASTILLO COLONNA,AYABACA,AYABACA,200201,GICLAS,I-1,AYABACA,AYABACA,SALUD LUCIANO CASTILLO COLONNA,1931,2024,1,0,0,0,,,,,,,,,,,,
20240206,20240216,LUCIANO CASTILLO COLONNA,PIURA,LAS LOMAS,200111,LAS LOMAS,I-3,LAS LOMAS,AYABACA,SALUD LUCIANO CASTILLO COLONNA,1932,2024,1,0,1,3,,,,,,,,,,,,
20240206,20240216,LUCIANO CASTILLO COLONNA,PIURA,LAS LOMAS,200111,POTRERILLO,I-2,LAS LOMAS,AYABACA,SALUD LUCIANO CASTILLO COLONNA,1933,2024,1,0,1,0,,,,,,,,,,,,
20240206,20240216,LUCIANO CASTILLO COLONNA,PIURA,LAS LOMAS,200111,CHIPILLICO,I-2,LAS LOMAS,AYABACA,SALUD LUCIANO CASTILLO COLONNA,1934,2024,1,0,0,0,,,,,,,,,,,,
20240206,20240216,LUCIANO CASTILLO COLONNA,PIURA,LAS LOMAS,200111,EL SAUCE-LAS LOMAS,I-1,LAS LOMAS,AYABACA,SALUD LUCIANO CASTILLO COLONNA,1935,2024,1,0,0,0,,,,,,,,,,,,
20240206,20240216,LUCIANO CASTILLO COLONNA,PIURA,LAS LOMAS,200111,PAMPA ELERA BAJA,I-1,LAS LOMAS,AYABACA,SALUD LUCIANO CASTILLO COLONNA,1936,2024,1,0,0,0,,,,,,,,,,,,
20240206,20240216,LUCIANO CASTILLO COLONNA,PIURA,LAS LOMAS,200111,PELINGARA,I-1,LAS LOMAS,AYABACA,SALUD LUCIANO CASTILLO COLONNA,1937,2024,1,0,0,0,,,,,,,,,,,,
20240206,20240216,LUCIANO CASTILLO COLONNA,PIURA,LAS LOMAS,200111,HUACHUMA ALTA,I-1,LAS LOMAS,AYABACA,SALUD LUCIANO CASTILLO COLONNA,1938,2024,1,0,0,1,,,,,,,,,,,,
20240206,20240216,LUCIANO CASTILLO COLONNA,PIURA,LAS LOMAS,200111,SAN FRANCISCO DE PAMPA ELERA,I-1,LAS LOMAS,AYABACA,SALUD LUCIANO CASTILLO COLONNA,1939,2024,1,0,0,0,,,,,,,,,,,,
20240206,20240216,LUCIANO CASTILLO COLONNA,PIURA,LAS LOMAS,200111,SANTA ELENA - LAS LOMAS,I-1,LAS LOMAS,AYABACA,SALUD LUCIANO CASTILLO COLONNA,1940,2024,1,0,0,1,,,,,,,,,,,,
20240206,20240216,LUCIANO CASTILLO COLONNA,PIURA,LAS LOMAS,200111,PUERTA PULACHE,I-1,LAS LOMAS,AYABACA,SALUD LUCIANO CASTILLO COLONNA,1941,2024,1,0,0,0,,,,,,,,,,,,
20240206,20240216,LUCIANO CASTILLO COLONNA,PIURA,LAS LOMAS,200111,GARABATOS,I-1,LAS LOMAS,AYABACA,SALUD LUCIANO CASTILLO COLONNA,1942,2024,1,0,0,0,,,,,,,,,,,,
20240206,20240216,LUCIANO CASTILLO COLONNA,PIURA,LAS LOMAS,200111,EL PARTIDOR,I-3,LAS LOMAS,AYABACA,SALUD LUCIANO CASTILLO COLONNA,1943,2024,1,0,0,1,,,,,,,,,,,,
20240206,20240216,LUCIANO CASTILLO COLONNA,PIURA,LAS LOMAS,200111,LA MENTA,I-1,LAS LOMAS,AYABACA,SALUD LUCIANO CASTILLO COLONNA,1944,2024,1,0,0,0,,,,,,,,,,,,
20240206,20240216,LUCIANO CASTILLO COLONNA,AYABACA,SUYO,200210,SUYO,I-3,LAS LOMAS,AYABACA,SALUD LUCIANO CASTILLO COLONNA,1945,2024,1,0,1,0,,,,,,,,,,,,
20240206,20240216,LUCIANO CASTILLO COLONNA,AYABACA,SUYO,200210,CHIRINOS,I-2,LAS LOMAS,AYABACA,SALUD LUCIANO CASTILLO COLONNA,1946,2024,1,0,1,0,,,,,,,,,,,,
20240206,20240216,LUCIANO CASTILLO COLONNA,AYABACA,SUYO,200210,PAMPA  LARGA-GUITARRAS,I-2,LAS LOMAS,AYABACA,SALUD LUCIANO CASTILLO COLONNA,1947,2024,1,0,0,0,,,,,,,,,,,,
20240206,20240216,LUCIANO CASTILLO COLONNA,AYABACA,SUYO,200210,LA TINA,I-1,LAS LOMAS,AYABACA,SALUD LUCIANO CASTILLO COLONNA,1948,2024,1,0,0,0,,,,,,,,,,,,
20240206,20240216,LUCIANO CASTILLO COLONNA,AYABACA,SUYO,200210,LA TIENDA,I-2,LAS LOMAS,AYABACA,SALUD LUCIANO CASTILLO COLONNA,1949,2024,1,0,0,0,,,,,,,,,,,,
20240206,20240216,LUCIANO CASTILLO COLONNA,AYABACA,SUYO,200210,SURPAMPA,I-2,LAS LOMAS,AYABACA,SALUD LUCIANO CASTILLO COLONNA,1950,2024,1,0,0,0,,,,,,,,,,,,
20240206,20240216,LUCIANO CASTILLO COLONNA,AYABACA,SUYO,200210,SARAYUYO,I-1,LAS LOMAS,AYABACA,SALUD LUCIANO CASTILLO COLONNA,1951,2024,1,0,0,0,,,,,,,,,,,,
20240206,20240216,LUCIANO CASTILLO COLONNA,AYABACA,SUYO,200210,PUENTE INTERNACIONAL,I-2,LAS LOMAS,AYABACA,SALUD LUCIANO CASTILLO COLONNA,1952,2024,1,0,0,0,,,,,,,,,,,,
20240206,20240216,LUCIANO CASTILLO COLONNA,AYABACA,SUYO,200210,SANTA ANA DE QUIROZ,I-2,LAS LOMAS,AYABACA,SALUD LUCIANO CASTILLO COLONNA,1953,2024,1,0,0,0,,,,,,,,,,,,
20240206,20240216,LUCIANO CASTILLO COLONNA,AYABACA,SUYO,200210,LA LAGUNA,I-1,LAS LOMAS,AYABACA,SALUD LUCIANO CASTILLO COLONNA,1954,2024,1,0,0,0,,,,,,,,,,,,
20240206,20240216,LUCIANO CASTILLO COLONNA,AYABACA,SAPILLICA,200208,SAPILLLICA,I-3,LAS LOMAS,AYABACA,SALUD LUCIANO CASTILLO COLONNA,1955,2024,1,0,0,0,,,,,,,,,,,,
20240206,20240216,LUCIANO CASTILLO COLONNA,AYABACA,SAPILLICA,200208,TASAJERAS,I-1,LAS LOMAS,AYABACA,SALUD LUCIANO CASTILLO COLONNA,1956,2024,1,0,0,0,,,,,,,,,,,,
20240206,20240216,LUCIANO CASTILLO COLONNA,AYABACA,SAPILLICA,200208,COLETAS-CHACHACOMAL,I-1,LAS LOMAS,AYABACA,SALUD LUCIANO CASTILLO COLONNA,1957,2024,1,0,0,0,,,,,,,,,,,,
20240206,20240216,LUCIANO CASTILLO COLONNA,AYABACA,SAPILLICA,200208,EL SAUCE-SAPILLICA,I-1,LAS LOMAS,AYABACA,SALUD LUCIANO CASTILLO COLONNA,1958,2024,1,0,0,0,,,,,,,,,,,,
20240206,20240216,LUCIANO CASTILLO COLONNA,AYABACA,PAIMAS,200207,PAIMAS,I-4,PAIMAS,AYABACA,SALUD LUCIANO CASTILLO COLONNA,1959,2024,1,0,1,2,,,,,,,,,,,,
20240206,20240216,LUCIANO CASTILLO COLONNA,AYABACA,PAIMAS,200207,LA SAUCHA,I-1,PAIMAS,AYABACA,SALUD LUCIANO CASTILLO COLONNA,1960,2024,1,0,0,0,,,,,,,,,,,,
20240206,20240216,LUCIANO CASTILLO COLONNA,AYABACA,PAIMAS,200207,TONDOPA,I-1,PAIMAS,AYABACA,SALUD LUCIANO CASTILLO COLONNA,1961,2024,1,0,0,0,,,,,,,,,,,,
20240206,20240216,LUCIANO CASTILLO COLONNA,AYABACA,JILILI,200203,JILILI,I-3,PAIMAS,AYABACA,SALUD LUCIANO CASTILLO COLONNA,1962,2024,1,0,0,0,,,,,,,,,,,,
20240206,20240216,LUCIANO CASTILLO COLONNA,AYABACA,JILILI,200203,ANCHALAY,I-1,PAIMAS,AYABACA,SALUD LUCIANO CASTILLO COLONNA,1963,2024,1,0,0,0,,,,,,,,,,,,
20240206,20240216,LUCIANO CASTILLO COLONNA,AYABACA,JILILI,200203,CUCUYAS,I-2,PAIMAS,AYABACA,SALUD LUCIANO CASTILLO COLONNA,1964,2024,1,0,0,0,,,,,,,,,,,,
20240206,20240216,LUCIANO CASTILLO COLONNA,AYABACA,LAGUNAS,200204,LAGUNAS,I-3,PAIMAS,AYABACA,SALUD LUCIANO CASTILLO COLONNA,1965,2024,1,0,2,0,,,,,,,,,,,,
20240206,20240216,LUCIANO CASTILLO COLONNA,AYABACA,LAGUNAS,200204,EL LUCUMO,I-1,PAIMAS,AYABACA,SALUD LUCIANO CASTILLO COLONNA,1966,2024,1,0,0,0,,,,,,,,,,,,
20240206,20240216,LUCIANO CASTILLO COLONNA,AYABACA,LAGUNAS,200204,SALVIA,I-1,PAIMAS,AYABACA,SALUD LUCIANO CASTILLO COLONNA,1967,2024,1,0,0,0,,,,,,,,,,,,
20240206,20240216,LUCIANO CASTILLO COLONNA,AYABACA,LAGUNAS,200204,SAN JUAN DE LAGUNAS,I-2,PAIMAS,AYABACA,SALUD LUCIANO CASTILLO COLONNA,1968,2024,1,0,0,0,,,,,,,,,,,,
20240206,20240216,LUCIANO CASTILLO COLONNA,AYABACA,LAGUNAS,200204,PILLO,I-1,PAIMAS,AYABACA,SALUD LUCIANO CASTILLO COLONNA,1969,2024,1,0,0,0,,,,,,,,,,,,
20240206,20240216,LUCIANO CASTILLO COLONNA,AYABACA,MONTERO,200205,MONTERO,I-3,PAIMAS,AYABACA,SALUD LUCIANO CASTILLO COLONNA,1970,2024,1,0,0,0,,,,,,,,,,,,
20240206,20240216,LUCIANO CASTILLO COLONNA,AYABACA,MONTERO,200205,SICACATE,I-1,PAIMAS,AYABACA,SALUD LUCIANO CASTILLO COLONNA,1971,2024,1,0,0,0,,,,,,,,,,,,
20240206,20240216,LUCIANO CASTILLO COLONNA,AYABACA,MONTERO,200205,MARMAS ALTO,I-1,PAIMAS,AYABACA,SALUD LUCIANO CASTILLO COLONNA,1972,2024,1,0,0,0,,,,,,,,,,,,
20240206,20240216,LUCIANO CASTILLO COLONNA,AYABACA,MONTERO,200205,QUEBRADA DE AGUA,I-1,PAIMAS,AYABACA,SALUD LUCIANO CASTILLO COLONNA,1973,2024,1,0,0,0,,,,,,,,,,,,
20240206,20240216,LUCIANO CASTILLO COLONNA,AYABACA,SICCHEZ,200209,SICCHEZ,I-3,PAIMAS,AYABACA,SALUD LUCIANO CASTILLO COLONNA,1974,2024,1,0,0,0,,,,,,,,,,,,
20240206,20240216,LUCIANO CASTILLO COLONNA,AYABACA,SICCHEZ,200209,OXAHUAY,I-2,PAIMAS,AYABACA,SALUD LUCIANO CASTILLO COLONNA,1975,2024,1,0,0,1,,,,,,,,,,,,
20240206,20240216,LUCIANO CASTILLO COLONNA,AYABACA,SICCHEZ,200209,AMBASAL,I-2,PAIMAS,AYABACA,SALUD LUCIANO CASTILLO COLONNA,1976,2024,1,0,0,0,,,,,,,,,,,,
20240206,20240216,LUCIANO CASTILLO COLONNA,PIURA,TAMBO GRANDE,200114,TAMBOGRANDE,I-4,TAMBOGRANDE,AYABACA,SALUD LUCIANO CASTILLO COLONNA,1977,2024,1,0,4,1,,,,,,,,,,,,
20240206,20240216,LUCIANO CASTILLO COLONNA,PIURA,TAMBO GRANDE,200114,SAN ISIDRO,I-3,TAMBOGRANDE,AYABACA,SALUD LUCIANO CASTILLO COLONNA,1978,2024,1,0,1,0,,,,,,,,,,,,
20240206,20240216,LUCIANO CASTILLO COLONNA,PIURA,TAMBO GRANDE,200114,CRUCETA,I-2,TAMBOGRANDE,AYABACA,SALUD LUCIANO CASTILLO COLONNA,1979,2024,1,0,2,1,,,,,,,,,,,,
20240206,20240216,LUCIANO CASTILLO COLONNA,PIURA,TAMBO GRANDE,200114,TEJEDORES,I-1,TAMBOGRANDE,AYABACA,SALUD LUCIANO CASTILLO COLONNA,1980,2024,1,0,1,0,,,,,,,,,,,,
20240206,20240216,LUCIANO CASTILLO COLONNA,PIURA,TAMBO GRANDE,200114,MALINGAS,I-2,TAMBOGRANDE,AYABACA,SALUD LUCIANO CASTILLO COLONNA,1981,2024,1,0,1,1,,,,,,,,,,,,
20240206,20240216,LUCIANO CASTILLO COLONNA,PIURA,TAMBO GRANDE,200114,MALINGUITAS,I-1,TAMBOGRANDE,AYABACA,SALUD LUCIANO CASTILLO COLONNA,1982,2024,1,0,0,0,,,,,,,,,,,,
20240206,20240216,LUCIANO CASTILLO COLONNA,PIURA,TAMBO GRANDE,200114,PAPAYO - ALGARROBO,I-2,TAMBOGRANDE,AYABACA,SALUD LUCIANO CASTILLO COLONNA,1983,2024,1,0,0,0,,,,,,,,,,,,
20240206,20240216,LUCIANO CASTILLO COLONNA,PIURA,TAMBO GRANDE,200114,SANTA ANA,I-1,TAMBOGRANDE,AYABACA,SALUD LUCIANO CASTILLO COLONNA,1984,2024,1,0,1,0,,,,,,,,,,,,
20240206,20240216,LUCIANO CASTILLO COLONNA,PIURA,TAMBO GRANDE,200114,LA PEÑITA,I-1,TAMBOGRANDE,AYABACA,SALUD LUCIANO CASTILLO COLONNA,1985,2024,1,0,3,1,,,,,,,,,,,,
20240206,20240216,LUCIANO CASTILLO COLONNA,PIURA,TAMBO GRANDE,200114,CHICA ALTA,I-1,TAMBOGRANDE,AYABACA,SALUD LUCIANO CASTILLO COLONNA,1986,2024,1,0,0,0,,,,,,,,,,,,
20240206,20240216,LUCIANO CASTILLO COLONNA,PIURA,TAMBO GRANDE,200114,SINCHI ROCA,I-2,TAMBOGRANDE,AYABACA,SALUD LUCIANO CASTILLO COLONNA,1987,2024,1,0,3,0,,,,,,,,,,,,
20240206,20240216,LUCIANO CASTILLO COLONNA,PIURA,TAMBO GRANDE,200114,LAS MONICAS,I-1,TAMBOGRANDE,AYABACA,SALUD LUCIANO CASTILLO COLONNA,1988,2024,1,0,0,0,,,,,,,,,,,,
20240206,20240216,LUCIANO CASTILLO COLONNA,PIURA,TAMBO GRANDE,200114,PEDREGAL,I-1,TAMBOGRANDE,AYABACA,SALUD LUCIANO CASTILLO COLONNA,1989,2024,1,0,1,0,,,,,,,,,,,,
20240206,20240216,LUCIANO CASTILLO COLONNA,PIURA,TAMBO GRANDE,200114,PALOMINOS,I-2,TAMBOGRANDE,AYABACA,SALUD LUCIANO CASTILLO COLONNA,1990,2024,1,0,0,0,,,,,,,,,,,,
20240206,20240216,LUCIANO CASTILLO COLONNA,PIURA,TAMBO GRANDE,200114,LLOQUE YUPANQUI,I-1,TAMBOGRANDE,AYABACA,SALUD LUCIANO CASTILLO COLONNA,1991,2024,1,0,0,0,,,,,,,,,,,,
20240206,20240216,LUCIANO CASTILLO COLONNA,PIURA,TAMBO GRANDE,200114,EL PORVENIR,I-1,TAMBOGRANDE,AYABACA,SALUD LUCIANO CASTILLO COLONNA,1992,2024,1,0,0,0,,,,,,,,,,,,
20240206,20240216,LUCIANO CASTILLO COLONNA,PIURA,TAMBO GRANDE,200114,YAHUAR HUACA,I-1,TAMBOGRANDE,AYABACA,SALUD LUCIANO CASTILLO COLONNA,1993,2024,1,0,0,0,,,,,,,,,,,,
20240206,20240216,LUCIANO CASTILLO COLONNA,PIURA,TAMBO GRANDE,200114,OCOTO ALTO,I-1,TAMBOGRANDE,AYABACA,SALUD LUCIANO CASTILLO COLONNA,1994,2024,1,0,0,0,,,,,,,,,,,,
20240206,20240216,LUCIANO CASTILLO COLONNA,PIURA,TAMBO GRANDE,200114,PROGRESO BAJO,I-2,TAMBOGRANDE,AYABACA,SALUD LUCIANO CASTILLO COLONNA,1995,2024,1,0,0,0,,,,,,,,,,,,
20240206,20240216,LUCIANO CASTILLO COLONNA,PIURA,TAMBO GRANDE,200114,CP3-SAN MARTIN,I-1,TAMBOGRANDE,AYABACA,SALUD LUCIANO CASTILLO COLONNA,1996,2024,1,0,1,0,,,,,,,,,,,,
20240206,20240216,LUCIANO CASTILLO COLONNA,PIURA,TAMBO GRANDE,200114,CP4,I-1,TAMBOGRANDE,AYABACA,SALUD LUCIANO CASTILLO COLONNA,1997,2024,1,0,0,0,,,,,,,,,,,,
20240206,20240216,LUCIANO CASTILLO COLONNA,PIURA,TAMBO GRANDE,200114,GUARAGUAOS,I-1,TAMBOGRANDE,AYABACA,SALUD LUCIANO CASTILLO COLONNA,1998,2024,1,0,0,0,,,,,,,,,,,,
20240206,20240216,LUCIANO CASTILLO COLONNA,PIURA,TAMBO GRANDE,200114,LA GREDA,I-1,TAMBOGRANDE,AYABACA,SALUD LUCIANO CASTILLO COLONNA,1999,2024,1,0,0,2,,,,,,,,,,,,
20240206,20240216,LUCIANO CASTILLO COLONNA,PIURA,TAMBO GRANDE,200114,LA RITA,I-2,TAMBOGRANDE,AYABACA,SALUD LUCIANO CASTILLO COLONNA,2000,2024,1,0,0,0,,,,,,,,,,,,
20240206,20240216,LUCIANO CASTILLO COLONNA,SULLANA,BELLAVISTA,200602,BELLAVISTA,I-4,BELLAVISTA,SULLANA,SALUD LUCIANO CASTILLO COLONNA,2001,2024,1,0,7,3,,,,,,,,,,,,
20240206,20240216,LUCIANO CASTILLO COLONNA,SULLANA,SULLANA,200601,SOMATE CENTRO DE SERVICIOS,I-1,BELLAVISTA,SULLANA,SALUD LUCIANO CASTILLO COLONNA,2002,2024,1,0,0,0,,,,,,,,,,,,
20240206,20240216,LUCIANO CASTILLO COLONNA,SULLANA,SULLANA,200601,HUANGALA,I-2,BELLAVISTA,SULLANA,SALUD LUCIANO CASTILLO COLONNA,2003,2024,1,0,2,1,,,,,,,,,,,,
20240206,20240216,LUCIANO CASTILLO COLONNA,SULLANA,SULLANA,200601,CHALACALA,I-1,BELLAVISTA,SULLANA,SALUD LUCIANO CASTILLO COLONNA,2004,2024,1,0,0,0,,,,,,,,,,,,
20240206,20240216,LUCIANO CASTILLO COLONNA,SULLANA,SULLANA,200601,STA. ROSA DE PIEDRA RODADA,I-1,BELLAVISTA,SULLANA,SALUD LUCIANO CASTILLO COLONNA,2005,2024,1,0,0,0,,,,,,,,,,,,
20240206,20240216,LUCIANO CASTILLO COLONNA,SULLANA,SULLANA,200601,SOMATE BAJO,I-2,BELLAVISTA,SULLANA,SALUD LUCIANO CASTILLO COLONNA,2006,2024,1,0,1,0,,,,,,,,,,,,
20240206,20240216,LUCIANO CASTILLO COLONNA,SULLANA,SULLANA,200601,SAN VICENTE-PIEDRA RODADA,I-1,BELLAVISTA,SULLANA,SALUD LUCIANO CASTILLO COLONNA,2007,2024,1,0,1,0,,,,,,,,,,,,
20240206,20240216,LUCIANO CASTILLO COLONNA,SULLANA,SULLANA,200601,SOMATE ALTO,I-1,BELLAVISTA,SULLANA,SALUD LUCIANO CASTILLO COLONNA,2008,2024,1,0,0,0,,,,,,,,,,,,
20240206,20240216,LUCIANO CASTILLO COLONNA,SULLANA,SULLANA,200601,EL CUCHO,I-1,BELLAVISTA,SULLANA,SALUD LUCIANO CASTILLO COLONNA,2009,2024,1,0,0,0,,,,,,,,,,,,
20240206,20240216,LUCIANO CASTILLO COLONNA,SULLANA,SULLANA,200601,JOSE OLAYA,I-1,BELLAVISTA,SULLANA,SALUD LUCIANO CASTILLO COLONNA,2010,2024,1,0,0,0,,,,,,,,,,,,
20240206,20240216,LUCIANO CASTILLO COLONNA,SULLANA,SULLANA,200601,SANTA TERESITA,I-3,BELLAVISTA,SULLANA,SALUD LUCIANO CASTILLO COLONNA,2011,2024,1,0,2,2,,,,,,,,,,,,
20240206,20240216,LUCIANO CASTILLO COLONNA,SULLANA,SULLANA,200601,VILLA PRIMAVERA,I-3,BELLAVISTA,SULLANA,SALUD LUCIANO CASTILLO COLONNA,2012,2024,1,0,3,3,,,,,,,,,,,,
20240206,20240216,LUCIANO CASTILLO COLONNA,SULLANA,SULLANA,200601,NUEVE DE OCTUBRE,I-3,BELLAVISTA,SULLANA,SALUD LUCIANO CASTILLO COLONNA,2013,2024,1,0,2,2,,,,,,,,,,,,
20240206,20240216,LUCIANO CASTILLO COLONNA,SULLANA,SULLANA,200601,EL OBRERO,I-3,BELLAVISTA,SULLANA,SALUD LUCIANO CASTILLO COLONNA,2014,2024,1,0,0,0,,,,,,,,,,,,
20240206,20240216,LUCIANO CASTILLO COLONNA,SULLANA,SULLANA,200601,CIENEGUILLO CENTRO,I-2,BELLAVISTA,SULLANA,SALUD LUCIANO CASTILLO COLONNA,2015,2024,1,0,1,0,,,,,,,,,,,,
20240206,20240216,LUCIANO CASTILLO COLONNA,SULLANA,SULLANA,200601,CANAL MOCHO-CIENEG.SUR,I-2,BELLAVISTA,SULLANA,SALUD LUCIANO CASTILLO COLONNA,2016,2024,1,0,0,0,,,,,,,,,,,,
20240206,20240216,LUCIANO CASTILLO COLONNA,SULLANA,SULLANA,200601,NUEVO SULLANA,I-3,BELLAVISTA,SULLANA,SALUD LUCIANO CASTILLO COLONNA,2017,2024,1,0,3,0,,,,,,,,,,,,
20240206,20240216,LUCIANO CASTILLO COLONNA,SULLANA,SULLANA,200601,COMUNIDAD SALUDABLE,I-3,BELLAVISTA,SULLANA,SALUD LUCIANO CASTILLO COLONNA,2018,2024,1,0,2,3,,,,,,,,,,,,
20240206,20240216,LUCIANO CASTILLO COLONNA,SULLANA,MIGUEL CHECA,200606,MIGUEL CHECA,I-3,BELLAVISTA,SULLANA,SALUD LUCIANO CASTILLO COLONNA,2019,2024,1,0,0,1,,,,,,,,,,,,
20240206,20240216,LUCIANO CASTILLO COLONNA,SULLANA,MIGUEL CHECA,200606,JIBITO,I-2,BELLAVISTA,SULLANA,SALUD LUCIANO CASTILLO COLONNA,2020,2024,1,0,0,1,,,,,,,,,,,,
20240206,20240216,LUCIANO CASTILLO COLONNA,PAITA,PAITA,200501,HOSPITAL NUESTRA SEÑORA DE LAS MERCEDES - PAITA,II-1,PAITA,SULLANA,HOSPITAL DE APOYO I NUESTRA SEÑORA DE LAS MERCEDES DE PAITA,2021,2024,1,0,3,8,,,,,,,,,,,,
20240206,20240216,LUCIANO CASTILLO COLONNA,PAITA,PAITA,200501,LA ISLILLA,I-2,PAITA,SULLANA,SALUD LUCIANO CASTILLO COLONNA,2022,2024,1,0,1,1,,,,,,,,,,,,
20240206,20240216,LUCIANO CASTILLO COLONNA,PAITA,PAITA,200501,YACILA,I-2,PAITA,SULLANA,SALUD LUCIANO CASTILLO COLONNA,2023,2024,1,0,0,0,,,,,,,,,,,,
20240206,20240216,LUCIANO CASTILLO COLONNA,PAITA,COLAN,200504,SAN LUCAS DE COLAN,I-2,PAITA,SULLANA,SALUD LUCIANO CASTILLO COLONNA,2024,2024,1,0,0,0,,,,,,,,,,,,
20240206,20240216,LUCIANO CASTILLO COLONNA,PAITA,ARENAL,200503,EL ARENAL,I-3,PAITA,SULLANA,SALUD LUCIANO CASTILLO COLONNA,2025,2024,1,0,0,0,,,,,,,,,,,,
20240206,20240216,LUCIANO CASTILLO COLONNA,PAITA,COLAN,200504,PUEBLO NUEVO DE COLAN,I-4,PAITA,SULLANA,SALUD LUCIANO CASTILLO COLONNA,2026,2024,1,0,0,2,,,,,,,,,,,,
20240206,20240216,LUCIANO CASTILLO COLONNA,PAITA,LA HUACA,200505,LA HUACA,I-3,PAITA,SULLANA,SALUD LUCIANO CASTILLO COLONNA,2027,2024,1,0,1,1,,,,,,,,,,,,
20240206,20240216,LUCIANO CASTILLO COLONNA,PAITA,LA HUACA,200505,VIVIATE,I-3,PAITA,SULLANA,SALUD LUCIANO CASTILLO COLONNA,2028,2024,1,0,1,0,,,,,,,,,,,,
20240206,20240216,LUCIANO CASTILLO COLONNA,PAITA,LA HUACA,200505,NOMARA,I-1,PAITA,SULLANA,SALUD LUCIANO CASTILLO COLONNA,2029,2024,1,0,0,0,,,,,,,,,,,,
20240206,20240216,LUCIANO CASTILLO COLONNA,PAITA,LA HUACA,200505,MACACARA,I-2,PAITA,SULLANA,SALUD LUCIANO CASTILLO COLONNA,2030,2024,1,0,0,0,,,,,,,,,,,,
20240206,20240216,LUCIANO CASTILLO COLONNA,PAITA,VICHAYAL,200507,LA ISLA SAN LORENZO,I-2,PAITA,SULLANA,SALUD LUCIANO CASTILLO COLONNA,2031,2024,1,0,0,0,,,,,,,,,,,,
20240206,20240216,LUCIANO CASTILLO COLONNA,SULLANA,MARCAVELICA,200605,MARCAVELICA,I-3,MARCAVELICA,SULLANA,SALUD LUCIANO CASTILLO COLONNA,2032,2024,1,0,0,1,,,,,,,,,,,,
20240206,20240216,LUCIANO CASTILLO COLONNA,SULLANA,MARCAVELICA,200605,MALLARITOS,I-2,MARCAVELICA,SULLANA,SALUD LUCIANO CASTILLO COLONNA,2033,2024,1,0,1,0,,,,,,,,,,,,
20240206,20240216,LUCIANO CASTILLO COLONNA,SULLANA,MARCAVELICA,200605,LA GOLONDRINA,I-2,MARCAVELICA,SULLANA,SALUD LUCIANO CASTILLO COLONNA,2034,2024,1,0,1,0,,,,,,,,,,,,
20240206,20240216,LUCIANO CASTILLO COLONNA,SULLANA,MARCAVELICA,200605,MALLARES,I-2,MARCAVELICA,SULLANA,SALUD LUCIANO CASTILLO COLONNA,2035,2024,1,0,0,0,,,,,,,,,,,,
20240206,20240216,LUCIANO CASTILLO COLONNA,SULLANA,MARCAVELICA,200605,MONTERON,I-2,MARCAVELICA,SULLANA,SALUD LUCIANO CASTILLO COLONNA,2036,2024,1,0,0,0,,,,,,,,,,,,
20240206,20240216,LUCIANO CASTILLO COLONNA,SULLANA,MARCAVELICA,200605,TANGARARA,I-2,MARCAVELICA,SULLANA,SALUD LUCIANO CASTILLO COLONNA,2037,2024,1,0,0,0,,,,,,,,,,,,
20240206,20240216,LUCIANO CASTILLO COLONNA,SULLANA,MARCAVELICA,200605,SAMAN,I-2,MARCAVELICA,SULLANA,SALUD LUCIANO CASTILLO COLONNA,2038,2024,1,0,0,0,,,,,,,,,,,,
20240206,20240216,LUCIANO CASTILLO COLONNA,SULLANA,MARCAVELICA,200605,VISTA FLORIDA,I-1,MARCAVELICA,SULLANA,SALUD LUCIANO CASTILLO COLONNA,2039,2024,1,0,0,0,,,,,,,,,,,,
20240206,20240216,LUCIANO CASTILLO COLONNA,SULLANA,MARCAVELICA,200605,LA NORIA,I-1,MARCAVELICA,SULLANA,SALUD LUCIANO CASTILLO COLONNA,2040,2024,1,0,0,0,,,,,,,,,,,,
20240206,20240216,LUCIANO CASTILLO COLONNA,SULLANA,MARCAVELICA,200605,LA QUINTA,I-1,MARCAVELICA,SULLANA,SALUD LUCIANO CASTILLO COLONNA,2041,2024,1,0,0,0,,,,,,,,,,,,
20240206,20240216,LUCIANO CASTILLO COLONNA,SULLANA,IGNACIO ESCUDERO,200603,IGNACIO ESCUDERO,I-3,MARCAVELICA,SULLANA,SALUD LUCIANO CASTILLO COLONNA,2042,2024,1,0,1,0,,,,,,,,,,,,
20240206,20240216,LUCIANO CASTILLO COLONNA,SULLANA,IGNACIO ESCUDERO,200603,SAN JUAN DE LA VIRGEN,I-2,MARCAVELICA,SULLANA,SALUD LUCIANO CASTILLO COLONNA,2043,2024,1,0,2,0,,,,,,,,,,,,
20240206,20240216,LUCIANO CASTILLO COLONNA,SULLANA,IGNACIO ESCUDERO,200603,MONTELIMA,I-1,MARCAVELICA,SULLANA,SALUD LUCIANO CASTILLO COLONNA,2044,2024,1,0,0,0,,,,,,,,,,,,
20240206,20240216,LUCIANO CASTILLO COLONNA,SULLANA,IGNACIO ESCUDERO,200603,SANTA SOFIA,I-2,MARCAVELICA,SULLANA,SALUD LUCIANO CASTILLO COLONNA,2045,2024,1,0,1,0,,,,,,,,,,,,
20240206,20240216,LUCIANO CASTILLO COLONNA,SULLANA,IGNACIO ESCUDERO,200603,SAN MIGUEL,I-1,MARCAVELICA,SULLANA,SALUD LUCIANO CASTILLO COLONNA,2046,2024,1,0,1,0,,,,,,,,,,,,
20240206,20240216,LUCIANO CASTILLO COLONNA,PAITA,AMOTAPE,200502,AMOTAPE,I-2,MARCAVELICA,SULLANA,SALUD LUCIANO CASTILLO COLONNA,2047,2024,1,0,1,0,,,,,,,,,,,,
20240206,20240216,LUCIANO CASTILLO COLONNA,PAITA,AMOTAPE,200502,EL TAMBO,I-2,MARCAVELICA,SULLANA,SALUD LUCIANO CASTILLO COLONNA,2048,2024,1,0,0,0,,,,,,,,,,,,
20240206,20240216,LUCIANO CASTILLO COLONNA,PAITA,TAMARINDO,200506,TAMARINDO,I-3,MARCAVELICA,SULLANA,SALUD LUCIANO CASTILLO COLONNA,2049,2024,1,0,2,1,,,,,,,,,,,,
20240206,20240216,LUCIANO CASTILLO COLONNA,SULLANA,QUERECOTILLO,200607,CLAS QUERECOTILLO,I-4,QUERECOTILLO,SULLANA,SALUD LUCIANO CASTILLO COLONNA,2050,2024,1,0,0,0,,,,,,,,,,,,
20240206,20240216,LUCIANO CASTILLO COLONNA,SULLANA,QUERECOTILLO,200607,SAN FRANCISCO CHOCAN,I-2,QUERECOTILLO,SULLANA,SALUD LUCIANO CASTILLO COLONNA,2052,2024,1,0,2,0,,,,,,,,,,,,
20240206,20240216,LUCIANO CASTILLO COLONNA,SULLANA,QUERECOTILLO,200607,LA PEÑA - LA HORCA,I-2,QUERECOTILLO,SULLANA,SALUD LUCIANO CASTILLO COLONNA,2053,2024,1,0,0,0,,,,,,,,,,,,
20240206,20240216,LUCIANO CASTILLO COLONNA,SULLANA,QUERECOTILLO,200607,LA MARGARITA,I-2,QUERECOTILLO,SULLANA,SALUD LUCIANO CASTILLO COLONNA,2054,2024,1,0,0,0,,,,,,,,,,,,
20240206,20240216,LUCIANO CASTILLO COLONNA,SULLANA,QUERECOTILLO,200607,SANTA VICTORIA,I-2,QUERECOTILLO,SULLANA,SALUD LUCIANO CASTILLO COLONNA,2055,2024,1,0,0,0,,,,,,,,,,,,
20240206,20240216,LUCIANO CASTILLO COLONNA,SULLANA,QUERECOTILLO,200607,PUENTE DE LOS SERRANOS,I-2,QUERECOTILLO,SULLANA,SALUD LUCIANO CASTILLO COLONNA,2056,2024,1,0,0,0,,,,,,,,,,,,
20240206,20240216,LUCIANO CASTILLO COLONNA,SULLANA,QUERECOTILLO,200607,SANTA CRUZ,I-2,QUERECOTILLO,SULLANA,SALUD LUCIANO CASTILLO COLONNA,2057,2024,1,0,0,0,,,,,,,,,,,,
20240206,20240216,LUCIANO CASTILLO COLONNA,SULLANA,SALITRAL,200608,SALITRAL,I-3,QUERECOTILLO,SULLANA,SALUD LUCIANO CASTILLO COLONNA,2058,2024,1,0,0,1,,,,,,,,,,,,
20240206,20240216,LUCIANO CASTILLO COLONNA,SULLANA,SALITRAL,200608,MIRAFLORES,I-1,QUERECOTILLO,SULLANA,SALUD LUCIANO CASTILLO COLONNA,2059,2024,1,0,0,0,,,,,,,,,,,,
20240206,20240216,LUCIANO CASTILLO COLONNA,SULLANA,LANCONES,200604,LANCONES,I-3,LANCONES,SULLANA,SALUD LUCIANO CASTILLO COLONNA,2060,2024,1,0,0,1,,,,,,,,,,,,
20240206,20240216,LUCIANO CASTILLO COLONNA,SULLANA,LANCONES,200604,ENCUENTRO DE PILARES,I-1,LANCONES,SULLANA,SALUD LUCIANO CASTILLO COLONNA,2061,2024,1,0,0,0,,,,,,,,,,,,
20240206,20240216,LUCIANO CASTILLO COLONNA,SULLANA,LANCONES,200604,JAHUAY NEGRO,I-1,LANCONES,SULLANA,SALUD LUCIANO CASTILLO COLONNA,2062,2024,1,0,1,0,,,,,,,,,,,,
20240206,20240216,LUCIANO CASTILLO COLONNA,SULLANA,LANCONES,200604,HUASIMAL DE LA SOLANA,I-1,LANCONES,SULLANA,SALUD LUCIANO CASTILLO COLONNA,2063,2024,1,0,0,0,,,,,,,,,,,,
20240206,20240216,LUCIANO CASTILLO COLONNA,SULLANA,LANCONES,200604,PLAYAS DE ROMERO,I-1,LANCONES,SULLANA,SALUD LUCIANO CASTILLO COLONNA,2064,2024,1,0,0,0,,,,,,,,,,,,
20240206,20240216,LUCIANO CASTILLO COLONNA,SULLANA,LANCONES,200604,EL ALAMOR,I-2,LANCONES,SULLANA,SALUD LUCIANO CASTILLO COLONNA,2065,2024,1,0,0,0,,,,,,,,,,,,
20240206,20240216,LUCIANO CASTILLO COLONNA,SULLANA,LANCONES,200604,QUEBRADA SECA,I-1,LANCONES,SULLANA,SALUD LUCIANO CASTILLO COLONNA,2066,2024,1,0,0,0,,,,,,,,,,,,
20240206,20240216,LUCIANO CASTILLO COLONNA,SULLANA,LANCONES,200604,EL PITAYO,I-1,LANCONES,SULLANA,SALUD LUCIANO CASTILLO COLONNA,2067,2024,1,0,0,0,,,,,,,,,,,,
20240206,20240216,LUCIANO CASTILLO COLONNA,SULLANA,LANCONES,200604,CHILACO PELADOS,I-2,LANCONES,SULLANA,SALUD LUCIANO CASTILLO COLONNA,2068,2024,1,0,0,1,,,,,,,,,,,,
20240206,20240216,LUCIANO CASTILLO COLONNA,SULLANA,LANCONES,200604,PILARES,I-1,LANCONES,SULLANA,SALUD LUCIANO CASTILLO COLONNA,2069,2024,1,0,0,0,,,,,,,,,,,,
20240206,20240216,LUCIANO CASTILLO COLONNA,SULLANA,LANCONES,200604,CHORRERA  DE PULGUERAS,I-1,LANCONES,SULLANA,SALUD LUCIANO CASTILLO COLONNA,2070,2024,1,0,0,0,,,,,,,,,,,,
20240206,20240216,LUCIANO CASTILLO COLONNA,SULLANA,LANCONES,200604,LA PEÑITA,I-1,LANCONES,SULLANA,SALUD LUCIANO CASTILLO COLONNA,2071,2024,1,0,0,0,,,,,,,,,,,,
20240206,20240216,LUCIANO CASTILLO COLONNA,SULLANA,LANCONES,200604,CASAS QUEMADAS,I-1,LANCONES,SULLANA,SALUD LUCIANO CASTILLO COLONNA,2072,2024,1,0,0,0,,,,,,,,,,,,
20240206,20240216,LUCIANO CASTILLO COLONNA,TALARA,PARIÑAS,200701,JOSE ABELARDO QUINONES,I-3,TALARA,SULLANA,SALUD LUCIANO CASTILLO COLONNA,2073,2024,1,0,12,3,,,,,,,,,,,,
20240206,20240216,LUCIANO CASTILLO COLONNA,TALARA,PARIÑAS,200701,TALARA II,I-4,TALARA,SULLANA,SALUD LUCIANO CASTILLO COLONNA,2074,2024,1,0,4,5,,,,,,,,,,,,
20240206,20240216,LUCIANO CASTILLO COLONNA,TALARA,LA BREA,200703,NEGRITOS,I-3,TALARA,SULLANA,SALUD LUCIANO CASTILLO COLONNA,2075,2024,1,0,1,0,,,,,,,,,,,,
20240206,20240216,LUCIANO CASTILLO COLONNA,TALARA,LA BREA,200703,SAN PABLO,I-1,TALARA,SULLANA,SALUD LUCIANO CASTILLO COLONNA,2076,2024,1,0,0,0,,,,,,,,,,,,
20240206,20240216,LUCIANO CASTILLO COLONNA,TALARA,LOBITOS,200704,LOBITOS,I-2,TALARA,SULLANA,SALUD LUCIANO CASTILLO COLONNA,2077,2024,1,0,0,0,,,,,,,,,,,,
20240206,20240216,LUCIANO CASTILLO COLONNA,PAITA,VICHAYAL,200507,VICHAYAL,I-3,TALARA,SULLANA,SALUD LUCIANO CASTILLO COLONNA,2078,2024,1,0,0,0,,,,,,,,,,,,
20240206,20240216,LUCIANO CASTILLO COLONNA,PAITA,VICHAYAL,200507,MIRAMAR,I-2,TALARA,SULLANA,SALUD LUCIANO CASTILLO COLONNA,2079,2024,1,0,1,0,,,,,,,,,,,,
20240206,20240216,LUCIANO CASTILLO COLONNA,TALARA,LOS ORGANOS,200705,LOS ORGANOS,I-3,LOS ORGANOS,SULLANA,SALUD LUCIANO CASTILLO COLONNA,2080,2024,1,0,0,0,,,,,,,,,,,,
20240206,20240216,LUCIANO CASTILLO COLONNA,TALARA,LOS ORGANOS,200705,EL ÑURO,I-1,LOS ORGANOS,SULLANA,SALUD LUCIANO CASTILLO COLONNA,2081,2024,1,0,0,0,,,,,,,,,,,,
20240206,20240216,LUCIANO CASTILLO COLONNA,TALARA,EL ALTO,200702,EL ALTO,I-2,LOS ORGANOS,SULLANA,SALUD LUCIANO CASTILLO COLONNA,2082,2024,1,0,1,0,,,,,,,,,,,,
20240206,20240216,LUCIANO CASTILLO COLONNA,TALARA,EL ALTO,200702,CABO BLANCO,I-1,LOS ORGANOS,SULLANA,SALUD LUCIANO CASTILLO COLONNA,2083,2024,1,0,0,0,,,,,,,,,,,,
20240206,20240216,PIURA SECHURA,PIURA,VEINTISEIS DE OCTUB,200115,HOSPITAL DE LA AMISTAD PERU - COREA SANTA ROSA II-2,II-2,PIURA,PIURA CASTILLA,HOSPITAL DE APOYO I SANTA ROSA,2084,2024,1,0,0,0,,,,,,,,,,,,
20240206,20240216,PIURA SECHURA,PIURA,PIURA,200101,LOS ALGARROBOS,I-4,PIURA,PIURA CASTILLA,SALUD PIURA,2085,2024,1,0,2,2,,,,,,,,,,,,
20240206,20240216,PIURA SECHURA,PIURA,PIURA,200101,C.S PACHITEA,I-4,PIURA,PIURA CASTILLA,SALUD PIURA,2086,2024,1,0,1,1,,,,,,,,,,,,
20240206,20240216,PIURA SECHURA,PIURA,VEINTISEIS DE OCTUB,200115,C.S MICAELA BASTIDAS,I-3,PIURA,PIURA CASTILLA,SALUD PIURA,2087,2024,1,0,1,1,,,,,,,,,,,,
20240206,20240216,PIURA SECHURA,PIURA,VEINTISEIS DE OCTUB,200115,E.S I-4 CONSUELO DE VELASCO,I-4,PIURA,PIURA CASTILLA,SALUD PIURA,2088,2024,1,0,4,1,,,,,,,,,,,,
20240206,20240216,PIURA SECHURA,PIURA,VEINTISEIS DE OCTUB,200115,C.S NUEVA ESPERANZA,I-3,PIURA,PIURA CASTILLA,SALUD PIURA,2089,2024,1,0,1,3,,,,,,,,,,,,
20240206,20240216,PIURA SECHURA,PIURA,VEINTISEIS DE OCTUB,200115,E.S  SANTA JULIA,I-4,PIURA,PIURA CASTILLA,SALUD PIURA,2090,2024,1,0,4,2,,,,,,,,,,,,
20240206,20240216,PIURA SECHURA,PIURA,VEINTISEIS DE OCTUB,200115,C.S SAN JOSE,I-3,PIURA,PIURA CASTILLA,SALUD PIURA,2091,2024,1,0,0,0,,,,,,,,,,,,
20240206,20240216,PIURA SECHURA,PIURA,PIURA,200101,C.S SAN PEDRO,I-4,PIURA,PIURA CASTILLA,SALUD PIURA,2092,2024,1,0,0,1,,,,,,,,,,,,
20240206,20240216,PIURA SECHURA,PIURA,VEINTISEIS DE OCTUB,200115,P.S SAN SEBASTIAN,I-2,PIURA,PIURA CASTILLA,SALUD PIURA,2093,2024,1,0,3,1,,,,,,,,,,,,
20240206,20240216,PIURA SECHURA,PIURA,PIURA,200101,P.S VICTOR RAUL HAYA DE LA TORRE,I-3,PIURA,PIURA CASTILLA,SALUD PIURA,2094,2024,1,0,1,1,,,,,,,,,,,,
20240206,20240216,PIURA SECHURA,PIURA,VEINTISEIS DE OCTUB,200115,E.S.  CIENEGUILLO SUR,I-2,PIURA,PIURA CASTILLA,SALUD PIURA,2095,2024,1,0,0,0,,,,,,,,,,,,
20240206,20240216,PIURA SECHURA,PIURA,VEINTISEIS DE OCTUB,200115,P.S LAS VEGAS DE CIENEGUILLO,I-2,PIURA,PIURA CASTILLA,SALUD PIURA,2096,2024,1,0,0,0,,,,,,,,,,,,
20240206,20240216,PIURA SECHURA,PIURA,PIURA,200101,P.S. LAGRIMAS DE CURUMUY,I-2,PIURA,PIURA CASTILLA,SALUD PIURA,2098,2024,1,0,1,0,,,,,,,,,,,,
20240206,20240216,PIURA SECHURA,PIURA,CASTILLA,200104,E.S. I-4 CASTILLA,I-4,CASTILLA,PIURA CASTILLA,SALUD PIURA,2100,2024,1,0,5,1,,,,,,,,,,,,
20240206,20240216,PIURA SECHURA,PIURA,CASTILLA,200104,C.S.  EL INDIO,I-3,CASTILLA,PIURA CASTILLA,SALUD PIURA,2101,2024,1,0,3,2,,,,,,,,,,,,
20240206,20240216,PIURA SECHURA,PIURA,CASTILLA,200104,C.S TACALA,I-3,CASTILLA,PIURA CASTILLA,SALUD PIURA,2102,2024,1,0,3,1,,,,,,,,,,,,
20240206,20240216,PIURA SECHURA,PIURA,CASTILLA,200104,C.S CHICLAYITO,I-3,CASTILLA,PIURA CASTILLA,SALUD PIURA,2104,2024,1,0,2,0,,,,,,,,,,,,
20240206,20240216,PIURA SECHURA,PIURA,CASTILLA,200104,C. S. MARIA GORETTI,I-3,CASTILLA,PIURA CASTILLA,SALUD PIURA,2105,2024,1,0,1,1,,,,,,,,,,,,
20240206,20240216,PIURA SECHURA,PIURA,CASTILLA,200104,P.S SAN RAFAEL,I-2,CASTILLA,PIURA CASTILLA,SALUD PIURA,2106,2024,1,0,0,0,,,,,,,,,,,,
20240206,20240216,PIURA SECHURA,PIURA,CASTILLA,200104,P.S TERELA,I-1,CASTILLA,PIURA CASTILLA,SALUD PIURA,2107,2024,1,0,0,0,,,,,,,,,,,,
20240206,20240216,PIURA SECHURA,PIURA,CASTILLA,200104,P.S LA OBRILLA,I-1,CASTILLA,PIURA CASTILLA,SALUD PIURA,2108,2024,1,0,1,0,,,,,,,,,,,,
20240206,20240216,PIURA SECHURA,PIURA,CASTILLA,200104,P.S CHAPAIRA,I-1,CASTILLA,PIURA CASTILLA,SALUD PIURA,2109,2024,1,0,0,0,,,,,,,,,,,,
20240206,20240216,PIURA SECHURA,PIURA,CASTILLA,200104,P.S EL PAPAYO,I-1,CASTILLA,PIURA CASTILLA,SALUD PIURA,2110,2024,1,0,0,0,,,,,,,,,,,,
20240206,20240216,PIURA SECHURA,PIURA,CASTILLA,200104,P.S CRUZ DE CAÑA,I-1,CASTILLA,PIURA CASTILLA,SALUD PIURA,2111,2024,1,0,0,1,,,,,,,,,,,,
20240206,20240216,PIURA SECHURA,PIURA,CATACAOS,200105,CENTRO DE SALUD MATERNO INFANTIL-CATACAOS,I-4,CATACAOS,BAJO PIURA,SALUD PIURA,2112,2024,1,0,4,6,,,,,,,,,,,,
20240206,20240216,PIURA SECHURA,PIURA,CATACAOS,200105,E.S.  PEDREGAL GRANDE,I-2,CATACAOS,BAJO PIURA,SALUD PIURA,2113,2024,1,0,0,0,,,,,,,,,,,,
20240206,20240216,PIURA SECHURA,PIURA,CATACAOS,200105,P.S MONTE CASTILLO,I-2,CATACAOS,BAJO PIURA,SALUD PIURA,2114,2024,1,0,0,1,,,,,,,,,,,,
20240206,20240216,PIURA SECHURA,PIURA,CATACAOS,200105,P.S SIMBILA,I-2,CATACAOS,BAJO PIURA,SALUD PIURA,2115,2024,1,0,0,0,,,,,,,,,,,,
20240206,20240216,PIURA SECHURA,PIURA,CATACAOS,200105,E.S MONTE SULLON,I-2,CATACAOS,BAJO PIURA,SALUD PIURA,2116,2024,1,0,1,0,,,,,,,,,,,,
20240206,20240216,PIURA SECHURA,PIURA,CATACAOS,200105,P.S LA LEGUA,I-3,CATACAOS,BAJO PIURA,SALUD PIURA,2117,2024,1,0,1,0,,,,,,,,,,,,
20240206,20240216,PIURA SECHURA,PIURA,CATACAOS,200105,P.S I - 1 SAN JACINTO,I-1,CATACAOS,BAJO PIURA,SALUD PIURA,2118,2024,1,0,0,0,,,,,,,,,,,,
20240206,20240216,PIURA SECHURA,PIURA,CATACAOS,200105,P.S PAREDONES,I-2,CATACAOS,BAJO PIURA,SALUD PIURA,2119,2024,1,0,0,0,,,,,,,,,,,,
20240206,20240216,PIURA SECHURA,PIURA,CATACAOS,200105,P.S CUMBIBIRA,I-1,CATACAOS,BAJO PIURA,SALUD PIURA,2120,2024,1,0,0,0,,,,,,,,,,,,
20240206,20240216,PIURA SECHURA,PIURA,CATACAOS,200105,E.S  NARIHUALA,I-2,CATACAOS,BAJO PIURA,SALUD PIURA,2121,2024,1,0,0,1,,,,,,,,,,,,
20240206,20240216,PIURA SECHURA,PIURA,CATACAOS,200105,P.S SAN PABLO,I-1,CATACAOS,BAJO PIURA,SALUD PIURA,2122,2024,1,0,1,0,,,,,,,,,,,,
20240206,20240216,PIURA SECHURA,SECHURA,CRISTO NOS VALGA,200804,P.S MALA VIDA,I-1,CATACAOS,BAJO PIURA,SALUD PIURA,2123,2024,1,0,0,0,,,,,,,,,,,,
20240206,20240216,PIURA SECHURA,PIURA,LA ARENA,200109,C.S LA ARENA,I-3,CATACAOS,BAJO PIURA,SALUD PIURA,2124,2024,1,0,4,0,,,,,,,,,,,,
20240206,20240216,PIURA SECHURA,PIURA,LA ARENA,200109,P.S CASA GRANDE,I-2,CATACAOS,BAJO PIURA,SALUD PIURA,2125,2024,1,0,0,1,,,,,,,,,,,,
20240206,20240216,PIURA SECHURA,PIURA,LA ARENA,200109,P.S LAS MALVINAS,I-1,CATACAOS,BAJO PIURA,SALUD PIURA,2126,2024,1,0,1,0,,,,,,,,,,,,
20240206,20240216,PIURA SECHURA,PIURA,LA ARENA,200109,P.S LOMA NEGRA,I-1,CATACAOS,BAJO PIURA,SALUD PIURA,2127,2024,1,0,1,2,,,,,,,,,,,,
20240206,20240216,PIURA SECHURA,PIURA,LA ARENA,200109,P.S RIO VIEJO,I-1,CATACAOS,BAJO PIURA,SALUD PIURA,2128,2024,1,0,0,0,,,,,,,,,,,,
20240206,20240216,PIURA SECHURA,PIURA,LA ARENA,200109,E.S.  CHATITO,I-2,CATACAOS,BAJO PIURA,SALUD PIURA,2129,2024,1,0,2,0,,,,,,,,,,,,
20240206,20240216,PIURA SECHURA,PIURA,LA ARENA,200109,P.S MONTEGRANDE,I-1,CATACAOS,BAJO PIURA,SALUD PIURA,2130,2024,1,0,0,0,,,,,,,,,,,,
20240206,20240216,PIURA SECHURA,PIURA,LA ARENA,200109,P.S ALTO DE LOS MORES,I-1,CATACAOS,BAJO PIURA,SALUD PIURA,2131,2024,1,0,0,1,,,,,,,,,,,,
20240206,20240216,PIURA SECHURA,PIURA,LA UNION,200110,C.S LA UNION,I-4,CATACAOS,BAJO PIURA,SALUD PIURA,2132,2024,1,0,1,3,,,,,,,,,,,,
20240206,20240216,PIURA SECHURA,PIURA,LA UNION,200110,P.S TABLAZO NORTE,I-2,CATACAOS,BAJO PIURA,SALUD PIURA,2133,2024,1,0,1,1,,,,,,,,,,,,
20240206,20240216,PIURA SECHURA,PIURA,LA UNION,200110,P.S MONTE REDONDO,I-1,CATACAOS,BAJO PIURA,SALUD PIURA,2134,2024,1,0,0,1,,,,,,,,,,,,
20240206,20240216,PIURA SECHURA,PIURA,LA UNION,200110,P.S YAPATO,I-1,CATACAOS,BAJO PIURA,SALUD PIURA,2135,2024,1,0,0,2,,,,,,,,,,,,
20240206,20240216,PIURA SECHURA,PIURA,LA UNION,200110,P.S CANIZAL CHICO,I-1,CATACAOS,BAJO PIURA,SALUD PIURA,2136,2024,1,0,0,1,,,,,,,,,,,,
20240206,20240216,PIURA SECHURA,PIURA,CURA MORI,200107,E.S. I-3 CURA MORI,I-3,CATACAOS,BAJO PIURA,SALUD PIURA,2137,2024,1,0,0,2,,,,,,,,,,,,
20240206,20240216,PIURA SECHURA,PIURA,CURA MORI,200107,P.S ALMIRANTE GRAU EX CHATO CHICO,I-2,CATACAOS,BAJO PIURA,SALUD PIURA,2138,2024,1,0,1,0,,,,,,,,,,,,
20240206,20240216,PIURA SECHURA,PIURA,CURA MORI,200107,P.S POZO DE LOS RAMOS,I-2,CATACAOS,BAJO PIURA,SALUD PIURA,2139,2024,1,0,0,0,,,,,,,,,,,,
20240206,20240216,PIURA SECHURA,PIURA,CURA MORI,200107,P.S SANTA ROSA,I-1,CATACAOS,BAJO PIURA,SALUD PIURA,2140,2024,1,0,0,0,,,,,,,,,,,,
20240206,20240216,PIURA SECHURA,PIURA,EL TALLAN,200108,CS I-2  EL TALLAN,I-2,CATACAOS,BAJO PIURA,SALUD PIURA,2141,2024,1,0,1,0,,,,,,,,,,,,
20240206,20240216,PIURA SECHURA,PIURA,EL TALLAN,200108,P.S NVO. TALLAN,I-2,CATACAOS,BAJO PIURA,SALUD PIURA,2142,2024,1,0,1,2,,,,,,,,,,,,
20240206,20240216,PIURA SECHURA,SECHURA,SECHURA,200801,E.S I-4 SECHURA,I-4,SECHURA ,BAJO PIURA,SALUD PIURA,2143,2024,1,0,9,1,,,,,,,,,,,,
20240206,20240216,PIURA SECHURA,SECHURA,SECHURA,200801,E.S I-1 TAJAMAR,I-1,SECHURA ,BAJO PIURA,SALUD PIURA,2144,2024,1,0,0,0,,,,,,,,,,,,
20240206,20240216,PIURA SECHURA,SECHURA,SECHURA,200801,P.S PARACHIQUE,I-2,SECHURA ,BAJO PIURA,SALUD PIURA,2145,2024,1,0,2,0,,,,,,,,,,,,
20240206,20240216,PIURA SECHURA,SECHURA,SECHURA,200801,E.S. I-1 CONSTANTE,I-1,SECHURA ,BAJO PIURA,SALUD PIURA,2146,2024,1,0,0,0,,,,,,,,,,,,
20240206,20240216,PIURA SECHURA,SECHURA,SECHURA,200801,P.S LA BOCANA (DE SECHURA),I-1,SECHURA ,BAJO PIURA,SALUD PIURA,2147,2024,1,0,2,0,,,,,,,,,,,,
20240206,20240216,PIURA SECHURA,SECHURA,SECHURA,200801,E.S I-1  CHUSIS,I-1,SECHURA ,BAJO PIURA,SALUD PIURA,2148,2024,1,0,0,0,,,,,,,,,,,,
20240206,20240216,PIURA SECHURA,SECHURA,SECHURA,200801,P.S PUERTO RICO,I-1,SECHURA ,BAJO PIURA,SALUD PIURA,2149,2024,1,0,0,0,,,,,,,,,,,,
20240206,20240216,PIURA SECHURA,SECHURA,RINCONADA LLICUAR,200806,P.S RINCONADA LLICUAR,I-2,SECHURA ,BAJO PIURA,SALUD PIURA,2150,2024,1,0,0,0,,,,,,,,,,,,
20240206,20240216,PIURA SECHURA,SECHURA,VICE,200805,C.S VICE,I-3,SECHURA ,BAJO PIURA,SALUD PIURA,2151,2024,1,0,1,0,,,,,,,,,,,,
20240206,20240216,PIURA SECHURA,SECHURA,VICE,200805,P.S I-2 BECARA,I-2,SECHURA ,BAJO PIURA,SALUD PIURA,2152,2024,1,0,1,0,,,,,,,,,,,,
20240206,20240216,PIURA SECHURA,SECHURA,VICE,200805,P.S I-2 LETIRA,I-2,SECHURA ,BAJO PIURA,SALUD PIURA,2153,2024,1,0,1,0,,,,,,,,,,,,
20240206,20240216,PIURA SECHURA,SECHURA,VICE,200805,P.S LA TORTUGA,I-2,SECHURA ,BAJO PIURA,SALUD PIURA,2154,2024,1,0,0,3,,,,,,,,,,,,
20240206,20240216,PIURA SECHURA,SECHURA,VICE,200805,P.S CHALACO (DE VICE),I-1,SECHURA ,BAJO PIURA,SALUD PIURA,2155,2024,1,0,0,0,,,,,,,,,,,,
20240206,20240216,PIURA SECHURA,SECHURA,VICE,200805,P.S SANCHEZ,I-1,SECHURA ,BAJO PIURA,SALUD PIURA,2156,2024,1,0,0,0,,,,,,,,,,,,
20240206,20240216,PIURA SECHURA,SECHURA,BELLAVISTA DE LA UNION,200802,C.S BELLAVISTA,I-3,SECHURA ,BAJO PIURA,SALUD PIURA,2157,2024,1,0,0,0,,,,,,,,,,,,
20240206,20240216,PIURA SECHURA,SECHURA,BELLAVISTA DE LA UNION,200802,P.S SAN CLEMENTE,I-2,SECHURA ,BAJO PIURA,SALUD PIURA,2158,2024,1,0,1,0,,,,,,,,,,,,
20240206,20240216,PIURA SECHURA,SECHURA,BERNAL,200803,E.S. I 4  BERNAL,I-4,SECHURA ,BAJO PIURA,SALUD PIURA,2159,2024,1,0,0,1,,,,,,,,,,,,
20240206,20240216,PIURA SECHURA,SECHURA,CRISTO NOS VALGA,200804,P.S CRISTO NOS VALGA,I-2,SECHURA ,BAJO PIURA,SALUD PIURA,2160,2024,1,0,0,0,,,,,,,,,,,,
20240206,20240216,MORROPON HUANCABAMBA,MORROPON,CHULUCANAS,200401,E.S  II-1  HOSPITAL  CHULUCANAS,II-1,CHULUCANAS,MORROPON CHULUCANAS,HOSPITAL DE APOYO I CHULUCANAS,2161,2024,1,0,10,7,,,,,,,,,,,,
20240206,20240216,MORROPON HUANCABAMBA,MORROPON,CHULUCANAS,200401,P.S BATANES,I-2,CHULUCANAS,MORROPON CHULUCANAS,REGION PIURA-SALUD MORROPON-CHULUCANAS,2162,2024,1,0,0,0,,,,,,,,,,,,
20240206,20240216,MORROPON HUANCABAMBA,MORROPON,CHULUCANAS,200401,P.S PAPELILLO,I-2,CHULUCANAS,MORROPON CHULUCANAS,REGION PIURA-SALUD MORROPON-CHULUCANAS,2163,2024,1,0,0,0,,,,,,,,,,,,
20240206,20240216,MORROPON HUANCABAMBA,MORROPON,CHULUCANAS,200401,E.S. KM 50,I-3,CHULUCANAS,MORROPON CHULUCANAS,REGION PIURA-SALUD MORROPON-CHULUCANAS,2164,2024,1,0,1,2,,,,,,,,,,,,
20240206,20240216,MORROPON HUANCABAMBA,MORROPON,CHULUCANAS,200401,P.S PACCHA,I-3,CHULUCANAS,MORROPON CHULUCANAS,REGION PIURA-SALUD MORROPON-CHULUCANAS,2165,2024,1,0,0,1,,,,,,,,,,,,
20240206,20240216,MORROPON HUANCABAMBA,MORROPON,CHULUCANAS,200401,P.S SAN PEDRO,I-2,CHULUCANAS,MORROPON CHULUCANAS,REGION PIURA-SALUD MORROPON-CHULUCANAS,2166,2024,1,0,0,0,,,,,,,,,,,,
20240206,20240216,MORROPON HUANCABAMBA,MORROPON,CHULUCANAS,200401,P.S TALANDRACAS,I-1,CHULUCANAS,MORROPON CHULUCANAS,REGION PIURA-SALUD MORROPON-CHULUCANAS,2167,2024,1,0,1,0,,,,,,,,,,,,
20240206,20240216,MORROPON HUANCABAMBA,MORROPON,CHULUCANAS,200401,E.S   I- 3  YAPATERA,I-3,CHULUCANAS,MORROPON CHULUCANAS,REGION PIURA-SALUD MORROPON-CHULUCANAS,2168,2024,1,0,1,0,,,,,,,,,,,,
20240206,20240216,MORROPON HUANCABAMBA,MORROPON,CHULUCANAS,200401,P.S SOL SOL,I-1,CHULUCANAS,MORROPON CHULUCANAS,REGION PIURA-SALUD MORROPON-CHULUCANAS,2169,2024,1,0,0,1,,,,,,,,,,,,
20240206,20240216,MORROPON HUANCABAMBA,MORROPON,CHULUCANAS,200401,P.S  I - 2 LA ENCANTADA,I-1,CHULUCANAS,MORROPON CHULUCANAS,REGION PIURA-SALUD MORROPON-CHULUCANAS,2170,2024,1,0,1,2,,,,,,,,,,,,
20240206,20240216,MORROPON HUANCABAMBA,AYABACA,FRIAS,200202,CENTRO DE SALUD  FRÍAS,I-3,CHULUCANAS,MORROPON CHULUCANAS,REGION PIURA-SALUD MORROPON-CHULUCANAS,2171,2024,1,0,0,0,,,,,,,,,,,,
20240206,20240216,MORROPON HUANCABAMBA,AYABACA,FRIAS,200202,PUESTO DE SALUD SAN JORGE,I-1,CHULUCANAS,MORROPON CHULUCANAS,REGION PIURA-SALUD MORROPON-CHULUCANAS,2172,2024,1,0,0,1,,,,,,,,,,,,
20240206,20240216,MORROPON HUANCABAMBA,AYABACA,FRIAS,200202,P.S SILAHUA,I-1,CHULUCANAS,MORROPON CHULUCANAS,REGION PIURA-SALUD MORROPON-CHULUCANAS,2173,2024,1,0,1,0,,,,,,,,,,,,
20240206,20240216,MORROPON HUANCABAMBA,AYABACA,FRIAS,200202,PUESTO DE SALUD POCLUS,I-1,CHULUCANAS,MORROPON CHULUCANAS,REGION PIURA-SALUD MORROPON-CHULUCANAS,2174,2024,1,0,0,0,,,,,,,,,,,,
20240206,20240216,MORROPON HUANCABAMBA,AYABACA,FRIAS,200202,P.S PARIHUANAS,I-1,CHULUCANAS,MORROPON CHULUCANAS,REGION PIURA-SALUD MORROPON-CHULUCANAS,2175,2024,1,0,2,1,,,,,,,,,,,,
20240206,20240216,MORROPON HUANCABAMBA,AYABACA,FRIAS,200202,E.S  I-1 GERALDO,I-1,CHULUCANAS,MORROPON CHULUCANAS,REGION PIURA-SALUD MORROPON-CHULUCANAS,2176,2024,1,0,1,0,,,,,,,,,,,,
20240206,20240216,MORROPON HUANCABAMBA,AYABACA,FRIAS,200202,LAS CUEVAS,I-1,CHULUCANAS,MORROPON CHULUCANAS,REGION PIURA-SALUD MORROPON-CHULUCANAS,2177,2024,1,0,0,0,,,,,,,,,,,,
20240206,20240216,MORROPON HUANCABAMBA,MORROPON,LA MATANZA,200404,E.S.  LA MATANZA,I-3,CHULUCANAS,MORROPON CHULUCANAS,REGION PIURA-SALUD MORROPON-CHULUCANAS,2178,2024,1,0,2,1,,,,,,,,,,,,
20240206,20240216,MORROPON HUANCABAMBA,MORROPON,LA MATANZA,200404,P.S.  LAYNAS,I-1,CHULUCANAS,MORROPON CHULUCANAS,REGION PIURA-SALUD MORROPON-CHULUCANAS,2179,2024,1,0,0,0,,,,,,,,,,,,
20240206,20240216,MORROPON HUANCABAMBA,MORROPON,LA MATANZA,200404,P.S  I-2  LA BOCANA,I-1,CHULUCANAS,MORROPON CHULUCANAS,REGION PIURA-SALUD MORROPON-CHULUCANAS,2180,2024,1,0,0,0,,,,,,,,,,,,
20240206,20240216,MORROPON HUANCABAMBA,MORROPON,LA MATANZA,200404,P.S. TERNIQUE,I-1,CHULUCANAS,MORROPON CHULUCANAS,REGION PIURA-SALUD MORROPON-CHULUCANAS,2181,2024,1,0,0,0,,,,,,,,,,,,
20240206,20240216,MORROPON HUANCABAMBA,MORROPON,MORROPON,200405,C.S I  -4  MORROPON,I-4,MORROPON,MORROPON CHULUCANAS,REGION PIURA-SALUD MORROPON-CHULUCANAS,2182,2024,1,0,2,1,,,,,,,,,,,,
20240206,20240216,MORROPON HUANCABAMBA,MORROPON,MORROPON,200405,E.S I-1 PIEDRA DEL TORO,I-1,MORROPON,MORROPON CHULUCANAS,REGION PIURA-SALUD MORROPON-CHULUCANAS,2183,2024,1,0,0,0,,,,,,,,,,,,
20240206,20240216,MORROPON HUANCABAMBA,MORROPON,MORROPON,200405,E.S FRANCO,I-1,MORROPON,MORROPON CHULUCANAS,REGION PIURA-SALUD MORROPON-CHULUCANAS,2184,2024,1,0,0,0,,,,,,,,,,,,
20240206,20240216,MORROPON HUANCABAMBA,MORROPON,MORROPON,200405,E.S. I-1  LA HUAQUILLA,I-1,MORROPON,MORROPON CHULUCANAS,REGION PIURA-SALUD MORROPON-CHULUCANAS,2185,2024,1,0,0,0,,,,,,,,,,,,
20240206,20240216,MORROPON HUANCABAMBA,MORROPON,CHALACO,200403,I-2  SILAHUA,I-1,CHALACO,MORROPON CHULUCANAS,REGION PIURA-SALUD MORROPON-CHULUCANAS,2186,2024,1,0,0,0,,,,,,,,,,,,
20240206,20240216,MORROPON HUANCABAMBA,MORROPON,CHALACO,200403,E.S.  LA RINCONADA,I-1,CHALACO,MORROPON CHULUCANAS,REGION PIURA-SALUD MORROPON-CHULUCANAS,2187,2024,1,0,0,0,,,,,,,,,,,,
20240206,20240216,MORROPON HUANCABAMBA,MORROPON,BUENOS AIRES,200402,CENTRO DE .SALUD  I-4  BUENOS AIRES,I-4,MORROPON,MORROPON CHULUCANAS,REGION PIURA-SALUD MORROPON-CHULUCANAS,2188,2024,1,0,0,0,,,,,,,,,,,,
20240206,20240216,MORROPON HUANCABAMBA,MORROPON,BUENOS AIRES,200402,PUESTO DE SALUD LA PILCA,I-1,MORROPON,MORROPON CHULUCANAS,REGION PIURA-SALUD MORROPON-CHULUCANAS,2189,2024,1,0,0,0,,,,,,,,,,,,
20240206,20240216,MORROPON HUANCABAMBA,MORROPON,BUENOS AIRES,200402,PUESTO DE  SALUD  INGENIO,I-1,MORROPON,MORROPON CHULUCANAS,REGION PIURA-SALUD MORROPON-CHULUCANAS,2190,2024,1,0,0,0,,,,,,,,,,,,
20240206,20240216,MORROPON HUANCABAMBA,MORROPON,BUENOS AIRES,200402,PUESTO DE SALUD CARRASQUILLO,I-1,MORROPON,MORROPON CHULUCANAS,REGION PIURA-SALUD MORROPON-CHULUCANAS,2191,2024,1,0,1,1,,,,,,,,,,,,
20240206,20240216,MORROPON HUANCABAMBA,MORROPON,YAMANGO,200410,YAMANGO,I-3,MORROPON,MORROPON CHULUCANAS,REGION PIURA-SALUD MORROPON-CHULUCANAS,2192,2024,1,0,0,0,,,,,,,,,,,,
20240206,20240216,MORROPON HUANCABAMBA,MORROPON,YAMANGO,200410,P.S TAMBOYA,I-1,MORROPON,MORROPON CHULUCANAS,REGION PIURA-SALUD MORROPON-CHULUCANAS,2193,2024,1,0,0,0,,,,,,,,,,,,
20240206,20240216,MORROPON HUANCABAMBA,MORROPON,YAMANGO,200410,P.S PISCAN,I-1,MORROPON,MORROPON CHULUCANAS,REGION PIURA-SALUD MORROPON-CHULUCANAS,2194,2024,1,0,0,0,,,,,,,,,,,,
20240206,20240216,MORROPON HUANCABAMBA,MORROPON,YAMANGO,200410,PUESTO DE SALUD LAJOS,I-1,MORROPON,MORROPON CHULUCANAS,REGION PIURA-SALUD MORROPON-CHULUCANAS,2195,2024,1,0,0,0,,,,,,,,,,,,
20240206,20240216,MORROPON HUANCABAMBA,MORROPON,YAMANGO,200410,P.S PAGAY,I-1,MORROPON,MORROPON CHULUCANAS,REGION PIURA-SALUD MORROPON-CHULUCANAS,2196,2024,1,0,0,0,,,,,,,,,,,,
20240206,20240216,MORROPON HUANCABAMBA,MORROPON,YAMANGO,200410,PUESTO DE SALUD TABLONES,I-1,MORROPON,MORROPON CHULUCANAS,REGION PIURA-SALUD MORROPON-CHULUCANAS,2197,2024,1,0,0,0,,,,,,,,,,,,
20240206,20240216,MORROPON HUANCABAMBA,MORROPON,SANTA CATALINA DE MOSSA,200408,P.S PALTASHACO,I-2,MORROPON,MORROPON CHULUCANAS,REGION PIURA-SALUD MORROPON-CHULUCANAS,2198,2024,1,0,0,0,,,,,,,,,,,,
20240206,20240216,MORROPON HUANCABAMBA,MORROPON,SANTA CATALINA DE MOSSA,200408,E.S I-1 CULEBREROS,I-1,MORROPON,MORROPON CHULUCANAS,REGION PIURA-SALUD MORROPON-CHULUCANAS,2199,2024,1,0,0,0,,,,,,,,,,,,
20240206,20240216,MORROPON HUANCABAMBA,MORROPON,SANTA CATALINA DE MOSSA,200408,ESTABLECIMIENTO DE SALUD I 2 PUEBLO NUEVO DE MARAY,I-2,MORROPON,MORROPON CHULUCANAS,REGION PIURA-SALUD MORROPON-CHULUCANAS,2200,2024,1,0,0,0,,,,,,,,,,,,
20240206,20240216,MORROPON HUANCABAMBA,MORROPON,SANTA CATALINA DE MOSSA,200408,P.S MOSSA,I-1,MORROPON,MORROPON CHULUCANAS,REGION PIURA-SALUD MORROPON-CHULUCANAS,2201,2024,1,0,0,0,,,,,,,,,,,,
20240206,20240216,MORROPON HUANCABAMBA,MORROPON,CHALACO,200403,P.S CHALACO,I-4,CHALACO,MORROPON CHULUCANAS,REGION PIURA-SALUD MORROPON-CHULUCANAS,2202,2024,1,0,0,0,,,,,,,,,,,,
20240206,20240216,MORROPON HUANCABAMBA,MORROPON,CHALACO,200403,P.S NARANJO,I-1,CHALACO,MORROPON CHULUCANAS,REGION PIURA-SALUD MORROPON-CHULUCANAS,2203,2024,1,0,0,0,,,,,,,,,,,,
20240206,20240216,MORROPON HUANCABAMBA,MORROPON,CHALACO,200403,P.S SAN LORENZO - CHALACO,I-1,CHALACO,MORROPON CHULUCANAS,REGION PIURA-SALUD MORROPON-CHULUCANAS,2204,2024,1,0,0,0,,,,,,,,,,,,
20240206,20240216,MORROPON HUANCABAMBA,AYABACA,FRIAS,200202,PUESTO DE SALUD ARENALES,I-2,CHULUCANAS,MORROPON CHULUCANAS,REGION PIURA-SALUD MORROPON-CHULUCANAS,2205,2024,1,0,1,0,,,,,,,,,,,,
20240206,20240216,MORROPON HUANCABAMBA,MORROPON,CHALACO,200403,E.S. I-1 PORTACHUELO,I-1,CHALACO,MORROPON CHULUCANAS,REGION PIURA-SALUD MORROPON-CHULUCANAS,2206,2024,1,0,0,1,,,,,,,,,,,,
20240206,20240216,MORROPON HUANCABAMBA,AYABACA,PACAIPAMPA,200206,E.S.  PACAIPAMPA,I-4,CHALACO,MORROPON CHULUCANAS,REGION PIURA-SALUD MORROPON-CHULUCANAS,2207,2024,1,0,2,1,,,,,,,,,,,,
20240206,20240216,MORROPON HUANCABAMBA,AYABACA,PACAIPAMPA,200206,P.S SANTA ROSA,I-1,CHALACO,MORROPON CHULUCANAS,REGION PIURA-SALUD MORROPON-CHULUCANAS,2208,2024,1,0,1,0,,,,,,,,,,,,
20240206,20240216,MORROPON HUANCABAMBA,AYABACA,PACAIPAMPA,200206,P.S NANGAY MATALACAS,I-2,CHALACO,MORROPON CHULUCANAS,REGION PIURA-SALUD MORROPON-CHULUCANAS,2209,2024,1,0,0,0,,,,,,,,,,,,
20240206,20240216,MORROPON HUANCABAMBA,AYABACA,PACAIPAMPA,200206,P.S EL PUERTO,I-1,CHALACO,MORROPON CHULUCANAS,REGION PIURA-SALUD MORROPON-CHULUCANAS,2210,2024,1,0,1,0,,,,,,,,,,,,
20240206,20240216,MORROPON HUANCABAMBA,AYABACA,PACAIPAMPA,200206,P.S.  LAGUNAS DE SAN PABLO,I-1,CHALACO,MORROPON CHULUCANAS,REGION PIURA-SALUD MORROPON-CHULUCANAS,2211,2024,1,0,2,0,,,,,,,,,,,,
20240206,20240216,MORROPON HUANCABAMBA,AYABACA,PACAIPAMPA,200206,P.S CUMBICUS,I-1,CHALACO,MORROPON CHULUCANAS,REGION PIURA-SALUD MORROPON-CHULUCANAS,2212,2024,1,0,1,1,,,,,,,,,,,,
20240206,20240216,MORROPON HUANCABAMBA,AYABACA,PACAIPAMPA,200206,P.S. CACHIACO,I-1,CHALACO,MORROPON CHULUCANAS,REGION PIURA-SALUD MORROPON-CHULUCANAS,2213,2024,1,0,1,0,,,,,,,,,,,,
20240206,20240216,MORROPON HUANCABAMBA,AYABACA,PACAIPAMPA,200206,P.S EL TULMAN,I-1,CHALACO,MORROPON CHULUCANAS,REGION PIURA-SALUD MORROPON-CHULUCANAS,2214,2024,1,0,2,0,,,,,,,,,,,,
20240206,20240216,MORROPON HUANCABAMBA,MORROPON,SANTO DOMINGO,200409,C.S I-4 SANTO DOMINGO,I-4,CHALACO,MORROPON CHULUCANAS,REGION PIURA-SALUD MORROPON-CHULUCANAS,2215,2024,1,0,0,0,,,,,,,,,,,,
20240206,20240216,MORROPON HUANCABAMBA,MORROPON,SANTO DOMINGO,200409,E.S I-1 SIMIRIS,I-1,CHALACO,MORROPON CHULUCANAS,REGION PIURA-SALUD MORROPON-CHULUCANAS,2216,2024,1,0,0,0,,,,,,,,,,,,
20240206,20240216,MORROPON HUANCABAMBA,MORROPON,SANTO DOMINGO,200409,E.S QUINCHAYO GRANDE,I-1,CHALACO,MORROPON CHULUCANAS,REGION PIURA-SALUD MORROPON-CHULUCANAS,2217,2024,1,0,0,0,,,,,,,,,,,,
20240206,20240216,MORROPON HUANCABAMBA,MORROPON,SANTO DOMINGO,200409,E.S. I-1 JACANACAS,I-1,CHALACO,MORROPON CHULUCANAS,REGION PIURA-SALUD MORROPON-CHULUCANAS,2218,2024,1,0,0,0,,,,,,,,,,,,
20240206,20240216,MORROPON HUANCABAMBA,MORROPON,SANTA CATALINA DE MOSSA,200408,ESTABLECIMIENTO DE SALUD PAMBARUMBE,I-1,CHALACO,MORROPON CHULUCANAS,REGION PIURA-SALUD MORROPON-CHULUCANAS,2219,2024,1,0,0,0,,,,,,,,,,,,
20240206,20240216,MORROPON HUANCABAMBA,MORROPON,CHALACO,200403,P.S SANTIAGO,I-1,CHALACO,MORROPON CHULUCANAS,REGION PIURA-SALUD MORROPON-CHULUCANAS,2220,2024,1,0,0,0,,,,,,,,,,,,
20240206,20240216,MORROPON HUANCABAMBA,MORROPON,SANTO DOMINGO,200409,P.S ÑOMA,I-1,CHALACO,MORROPON CHULUCANAS,REGION PIURA-SALUD MORROPON-CHULUCANAS,2221,2024,1,0,0,0,,,,,,,,,,,,
20240206,20240216,MORROPON HUANCABAMBA,MORROPON,SALITRAL,200406,C.S SALITRAL,I-4,SALITRAL,MORROPON CHULUCANAS,REGION PIURA-SALUD MORROPON-CHULUCANAS,2222,2024,1,0,0,0,,,,,,,,,,,,
20240206,20240216,MORROPON HUANCABAMBA,MORROPON,SALITRAL,200406,P.S SERRAN,I-2,SALITRAL,MORROPON CHULUCANAS,REGION PIURA-SALUD MORROPON-CHULUCANAS,2223,2024,1,0,0,0,,,,,,,,,,,,
20240206,20240216,MORROPON HUANCABAMBA,MORROPON,SALITRAL,200406,P.S HUALCAS,I-1,SALITRAL,MORROPON CHULUCANAS,REGION PIURA-SALUD MORROPON-CHULUCANAS,2224,2024,1,0,0,0,,,,,,,,,,,,
20240206,20240216,MORROPON HUANCABAMBA,MORROPON,SALITRAL,200406,P.S LA ALBERCA,I-1,SALITRAL,MORROPON CHULUCANAS,REGION PIURA-SALUD MORROPON-CHULUCANAS,2225,2024,1,0,0,0,,,,,,,,,,,,
20240206,20240216,MORROPON HUANCABAMBA,HUANCABAMBA,HUARMACA,200304,P.S CHIGNIA BAJA,I-2,HUARMACA,HUARMACA,REGION PIURA-SALUD MORROPON-CHULUCANAS,2226,2024,1,0,0,0,,,,,,,,,,,,
20240206,20240216,MORROPON HUANCABAMBA,MORROPON,SALITRAL,200406,P.S MALACASI,I-2,SALITRAL,MORROPON CHULUCANAS,REGION PIURA-SALUD MORROPON-CHULUCANAS,2227,2024,1,0,0,0,,,,,,,,,,,,
20240206,20240216,MORROPON HUANCABAMBA,MORROPON,SAN JUAN DE BIGOTE,200407,SAN JUAN DE BIGOTE,I-3,SALITRAL,MORROPON CHULUCANAS,REGION PIURA-SALUD MORROPON-CHULUCANAS,2228,2024,1,0,1,0,,,,,,,,,,,,
20240206,20240216,MORROPON HUANCABAMBA,MORROPON,SAN JUAN DE BIGOTE,200407,P.S LA QUEMAZON,I-1,SALITRAL,MORROPON CHULUCANAS,REGION PIURA-SALUD MORROPON-CHULUCANAS,2229,2024,1,0,0,0,,,,,,,,,,,,
20240206,20240216,MORROPON HUANCABAMBA,MORROPON,SAN JUAN DE BIGOTE,200407,P.S LA PAREJA,I-1,SALITRAL,MORROPON CHULUCANAS,REGION PIURA-SALUD MORROPON-CHULUCANAS,2230,2024,1,0,0,0,,,,,,,,,,,,
20240206,20240216,MORROPON HUANCABAMBA,HUANCABAMBA,CANCHAQUE,200302,E.S.  CILIA,I-1,SALITRAL,MORROPON CHULUCANAS,REGION PIURA-SALUD MORROPON-CHULUCANAS,2231,2024,1,0,0,0,,,,,,,,,,,,
20240206,20240216,MORROPON HUANCABAMBA,HUANCABAMBA,LALAQUIZ,200305,C.S EL TUNAL,I-4,SALITRAL,MORROPON CHULUCANAS,REGION PIURA-SALUD MORROPON-CHULUCANAS,2232,2024,1,0,1,0,,,,,,,,,,,,
20240206,20240216,MORROPON HUANCABAMBA,HUANCABAMBA,LALAQUIZ,200305,P.S LA LAGUNA,I-1,SALITRAL,MORROPON CHULUCANAS,REGION PIURA-SALUD MORROPON-CHULUCANAS,2233,2024,1,0,0,0,,,,,,,,,,,,
20240206,20240216,MORROPON HUANCABAMBA,HUANCABAMBA,LALAQUIZ,200305,P.S MAYLAND,I-1,SALITRAL,MORROPON CHULUCANAS,REGION PIURA-SALUD MORROPON-CHULUCANAS,2234,2024,1,0,0,0,,,,,,,,,,,,
20240206,20240216,MORROPON HUANCABAMBA,HUANCABAMBA,LALAQUIZ,200305,P.S SAN LORENZO - LALAQUIZ,I-1,SALITRAL,MORROPON CHULUCANAS,REGION PIURA-SALUD MORROPON-CHULUCANAS,2235,2024,1,0,0,0,,,,,,,,,,,,
20240206,20240216,MORROPON HUANCABAMBA,HUANCABAMBA,CANCHAQUE,200302,P.S LOS RANCHOS,I-2,SALITRAL,MORROPON CHULUCANAS,REGION PIURA-SALUD MORROPON-CHULUCANAS,2236,2024,1,0,1,0,,,,,,,,,,,,
20240206,20240216,MORROPON HUANCABAMBA,MORROPON,YAMANGO,200410,P.S CHOCO,I-1,SALITRAL,MORROPON CHULUCANAS,REGION PIURA-SALUD MORROPON-CHULUCANAS,2237,2024,1,0,0,0,,,,,,,,,,,,
20240206,20240216,MORROPON HUANCABAMBA,HUANCABAMBA,CANCHAQUE,200302,C.S CANCHAQUE,I-4,CANCHAQUE,MORROPON CHULUCANAS,REGION PIURA-SALUD MORROPON-CHULUCANAS,2238,2024,1,0,1,0,,,,,,,,,,,,
20240206,20240216,MORROPON HUANCABAMBA,HUANCABAMBA,CANCHAQUE,200302,ESTABLECIMIENTO DE SALUD I-1 COYONA,I-1,CANCHAQUE,MORROPON CHULUCANAS,REGION PIURA-SALUD MORROPON-CHULUCANAS,2239,2024,1,0,0,0,,,,,,,,,,,,
20240206,20240216,MORROPON HUANCABAMBA,HUANCABAMBA,CANCHAQUE,200302,ESTABLECIMIENTO DE SALUD I - MARAYPAMPA,I-1,CANCHAQUE,MORROPON CHULUCANAS,REGION PIURA-SALUD MORROPON-CHULUCANAS,2240,2024,1,0,0,0,,,,,,,,,,,,
20240206,20240216,MORROPON HUANCABAMBA,HUANCABAMBA,CANCHAQUE,200302,P.S SAN FRANCISCO,I-1,CANCHAQUE,MORROPON CHULUCANAS,REGION PIURA-SALUD MORROPON-CHULUCANAS,2241,2024,1,0,0,0,,,,,,,,,,,,
20240206,20240216,MORROPON HUANCABAMBA,HUANCABAMBA,SAN MIGUEL DE EL FAIQUE,200306,PUESTO DE SALUD LOMA LARGA,I-1,CANCHAQUE,MORROPON CHULUCANAS,REGION PIURA-SALUD MORROPON-CHULUCANAS,2242,2024,1,0,0,0,,,,,,,,,,,,
20240206,20240216,MORROPON HUANCABAMBA,HUANCABAMBA,SAN MIGUEL DE EL FAIQUE,200306,P.S LAS HUACAS,I-1,CANCHAQUE,MORROPON CHULUCANAS,REGION PIURA-SALUD MORROPON-CHULUCANAS,2243,2024,1,0,0,0,,,,,,,,,,,,
20240206,20240216,MORROPON HUANCABAMBA,HUANCABAMBA,SAN MIGUEL DE EL FAIQUE,200306,ESTABLECIMIENTO DE SALUD CHANRRO,I-1,CANCHAQUE,MORROPON CHULUCANAS,REGION PIURA-SALUD MORROPON-CHULUCANAS,2244,2024,1,0,0,0,,,,,,,,,,,,
20240206,20240216,MORROPON HUANCABAMBA,HUANCABAMBA,SAN MIGUEL DE EL FAIQUE,200306,C.S EL FAIQUE,I-4,CANCHAQUE,MORROPON CHULUCANAS,REGION PIURA-SALUD MORROPON-CHULUCANAS,2245,2024,1,0,0,0,,,,,,,,,,,,
20240206,20240216,MORROPON HUANCABAMBA,HUANCABAMBA,SAN MIGUEL DE EL FAIQUE,200306,P.S. EL TAMBO,I-1,CANCHAQUE,MORROPON CHULUCANAS,REGION PIURA-SALUD MORROPON-CHULUCANAS,2246,2024,1,0,0,0,,,,,,,,,,,,
20240206,20240216,MORROPON HUANCABAMBA,HUANCABAMBA,SAN MIGUEL DE EL FAIQUE,200306,P.S EL HIGUERON,I-1,CANCHAQUE,MORROPON CHULUCANAS,REGION PIURA-SALUD MORROPON-CHULUCANAS,2247,2024,1,0,0,0,,,,,,,,,,,,
20240206,20240216,MORROPON HUANCABAMBA,HUANCABAMBA,SAN MIGUEL DE EL FAIQUE,200306,P.S. HUAYABO,I-1,CANCHAQUE,MORROPON CHULUCANAS,REGION PIURA-SALUD MORROPON-CHULUCANAS,2248,2024,1,0,0,0,,,,,,,,,,,,
20240206,20240216,MORROPON HUANCABAMBA,HUANCABAMBA,SAN MIGUEL DE EL FAIQUE,200306,P.S.  NARANJO DE SAN MIGUEL DE EL  FAIQUE,I-1,CANCHAQUE,MORROPON CHULUCANAS,REGION PIURA-SALUD MORROPON-CHULUCANAS,2249,2024,1,0,0,1,,,,,,,,,,,,
20240206,20240216,MORROPON HUANCABAMBA,HUANCABAMBA,HUANCABAMBA,200301,E.S. I-4 JESUS GUERRERO CRUZ,I-4,HUANCABAMBA,HUANCABAMBA,REGION PIURA-SALUD MORROPON-CHULUCANAS,2250,2024,1,0,1,1,,,,,,,,,,,,
20240206,20240216,MORROPON HUANCABAMBA,HUANCABAMBA,HUANCABAMBA,200301,EE.SS I-2 JUZGARA,I-1,HUANCABAMBA,HUANCABAMBA,REGION PIURA-SALUD MORROPON-CHULUCANAS,2251,2024,1,0,0,0,,,,,,,,,,,,
20240206,20240216,MORROPON HUANCABAMBA,HUANCABAMBA,HUANCABAMBA,200301,E.S I-2 CASCAMACHE,I-1,HUANCABAMBA,HUANCABAMBA,REGION PIURA-SALUD MORROPON-CHULUCANAS,2252,2024,1,0,0,0,,,,,,,,,,,,
20240206,20240216,MORROPON HUANCABAMBA,HUANCABAMBA,HUANCABAMBA,200301,P.S HUANCACARPA BAJO,I-2,HUANCABAMBA,HUANCABAMBA,REGION PIURA-SALUD MORROPON-CHULUCANAS,2253,2024,1,0,0,0,,,,,,,,,,,,
20240206,20240216,MORROPON HUANCABAMBA,HUANCABAMBA,HUANCABAMBA,200301,P.S JICATE BAJO,I-1,HUANCABAMBA,HUANCABAMBA,REGION PIURA-SALUD MORROPON-CHULUCANAS,2254,2024,1,0,0,0,,,,,,,,,,,,
20240206,20240216,MORROPON HUANCABAMBA,HUANCABAMBA,HUANCABAMBA,200301,P.S ÑANGALI,I-1,HUANCABAMBA,HUANCABAMBA,REGION PIURA-SALUD MORROPON-CHULUCANAS,2255,2024,1,0,0,0,,,,,,,,,,,,
20240206,20240216,MORROPON HUANCABAMBA,HUANCABAMBA,EL CARMEN DE LA FRONTERA,200303,P.S EL CARMEN,I-2,HUANCABAMBA,HUANCABAMBA,REGION PIURA-SALUD MORROPON-CHULUCANAS,2256,2024,1,0,0,0,,,,,,,,,,,,
20240206,20240216,MORROPON HUANCABAMBA,HUANCABAMBA,EL CARMEN DE LA FRONTERA,200303,E.S I-3 SAPALACHE,I-3,HUANCABAMBA,HUANCABAMBA,REGION PIURA-SALUD MORROPON-CHULUCANAS,2257,2024,1,0,0,0,,,,,,,,,,,,
20240206,20240216,MORROPON HUANCABAMBA,HUANCABAMBA,EL CARMEN DE LA FRONTERA,200303,P.S TALANEO,I-2,HUANCABAMBA,HUANCABAMBA,REGION PIURA-SALUD MORROPON-CHULUCANAS,2258,2024,1,0,2,0,,,,,,,,,,,,
20240206,20240216,MORROPON HUANCABAMBA,HUANCABAMBA,EL CARMEN DE LA FRONTERA,200303,P.S SALALA,I-2,HUANCABAMBA,HUANCABAMBA,REGION PIURA-SALUD MORROPON-CHULUCANAS,2259,2024,1,0,0,0,,,,,,,,,,,,
20240206,20240216,MORROPON HUANCABAMBA,HUANCABAMBA,EL CARMEN DE LA FRONTERA,200303,E.S I-1 CAJAS SHAPAYA,I-1,HUANCABAMBA,HUANCABAMBA,REGION PIURA-SALUD MORROPON-CHULUCANAS,2260,2024,1,0,0,0,,,,,,,,,,,,
20240206,20240216,MORROPON HUANCABAMBA,HUANCABAMBA,EL CARMEN DE LA FRONTERA,200303,E.S I-2 HORMIGUEROS,I-2,HUANCABAMBA,HUANCABAMBA,REGION PIURA-SALUD MORROPON-CHULUCANAS,2261,2024,1,0,0,0,,,,,,,,,,,,
20240206,20240216,MORROPON HUANCABAMBA,HUANCABAMBA,SONDOR,200307,C.S SONDOR,I-3,HUANCABAMBA,HUANCABAMBA,REGION PIURA-SALUD MORROPON-CHULUCANAS,2262,2024,1,0,0,0,,,,,,,,,,,,
20240206,20240216,MORROPON HUANCABAMBA,HUANCABAMBA,SONDOR,200307,E.S.  I -1  CASHACOTO,I-1,HUANCABAMBA,HUANCABAMBA,REGION PIURA-SALUD MORROPON-CHULUCANAS,2263,2024,1,0,0,0,,,,,,,,,,,,
20240206,20240216,MORROPON HUANCABAMBA,HUANCABAMBA,SONDOR,200307,E.S I.2 MANCUCUR,I-1,HUANCABAMBA,HUANCABAMBA,REGION PIURA-SALUD MORROPON-CHULUCANAS,2264,2024,1,0,0,0,,,,,,,,,,,,
20240206,20240216,MORROPON HUANCABAMBA,HUANCABAMBA,SONDOR,200307,E.S. I - 2 TULUCE,I-2,HUANCABAMBA,HUANCABAMBA,REGION PIURA-SALUD MORROPON-CHULUCANAS,2265,2024,1,0,1,1,,,,,,,,,,,,
20240206,20240216,MORROPON HUANCABAMBA,HUANCABAMBA,SONDORILLO,200308,C.S SONDORILLO,I-3,HUANCABAMBA,HUANCABAMBA,REGION PIURA-SALUD MORROPON-CHULUCANAS,2266,2024,1,0,0,1,,,,,,,,,,,,
20240206,20240216,MORROPON HUANCABAMBA,HUANCABAMBA,SONDORILLO,200308,P.S ULPAMACHE,I-2,HUANCABAMBA,HUANCABAMBA,REGION PIURA-SALUD MORROPON-CHULUCANAS,2267,2024,1,0,0,0,,,,,,,,,,,,
20240206,20240216,MORROPON HUANCABAMBA,HUANCABAMBA,SONDORILLO,200308,E.S I-2 UCHUPATA,I-1,HUANCABAMBA,HUANCABAMBA,REGION PIURA-SALUD MORROPON-CHULUCANAS,2268,2024,1,0,1,0,,,,,,,,,,,,
20240206,20240216,MORROPON HUANCABAMBA,HUANCABAMBA,SONDORILLO,200308,P.S CUSE,I-1,HUANCABAMBA,HUANCABAMBA,REGION PIURA-SALUD MORROPON-CHULUCANAS,2269,2024,1,0,0,0,,,,,,,,,,,,
20240206,20240216,MORROPON HUANCABAMBA,HUANCABAMBA,HUARMACA,200304,CENTRO DE SALUD HUARMACA,I-4,HUARMACA,HUARMACA,REGION PIURA-SALUD MORROPON-CHULUCANAS,2270,2024,1,0,2,4,,,,,,,,,,,,
20240206,20240216,MORROPON HUANCABAMBA,HUANCABAMBA,HUARMACA,200304,P.S HUALQUIRO,I-1,HUARMACA,HUARMACA,REGION PIURA-SALUD MORROPON-CHULUCANAS,2271,2024,1,0,0,0,,,,,,,,,,,,
20240206,20240216,MORROPON HUANCABAMBA,HUANCABAMBA,HUARMACA,200304,C.S LIMON DE PORCUYA,I-3,HUARMACA,HUARMACA,REGION PIURA-SALUD MORROPON-CHULUCANAS,2272,2024,1,0,0,0,,,,,,,,,,,,
20240206,20240216,MORROPON HUANCABAMBA,HUANCABAMBA,HUARMACA,200304,P.S SAN ISIDRO,I-1,HUARMACA,HUARMACA,REGION PIURA-SALUD MORROPON-CHULUCANAS,2273,2024,1,0,0,0,,,,,,,,,,,,
20240206,20240216,MORROPON HUANCABAMBA,HUANCABAMBA,HUARMACA,200304,P.S TUNAS,I-2,HUARMACA,HUARMACA,REGION PIURA-SALUD MORROPON-CHULUCANAS,2274,2024,1,0,0,0,,,,,,,,,,,,
20240206,20240216,MORROPON HUANCABAMBA,HUANCABAMBA,HUARMACA,200304,P.S LA LOMA,I-2,HUARMACA,HUARMACA,REGION PIURA-SALUD MORROPON-CHULUCANAS,2275,2024,1,0,1,0,,,,,,,,,,,,
20240206,20240216,MORROPON HUANCABAMBA,HUANCABAMBA,HUARMACA,200304,P.S RODEOPAMPA,I-2,HUARMACA,HUARMACA,REGION PIURA-SALUD MORROPON-CHULUCANAS,2276,2024,1,0,0,0,,,,,,,,,,,,
20240206,20240216,MORROPON HUANCABAMBA,HUANCABAMBA,HUARMACA,200304,P.S. SABILA,I-1,HUARMACA,HUARMACA,REGION PIURA-SALUD MORROPON-CHULUCANAS,2277,2024,1,0,0,0,,,,,,,,,,,,
20240206,20240216,MORROPON HUANCABAMBA,HUANCABAMBA,HUARMACA,200304,P.S SAN MARTIN DE CONGOÑA,I-2,HUARMACA,HUARMACA,REGION PIURA-SALUD MORROPON-CHULUCANAS,2278,2024,1,0,1,0,,,,,,,,,,,,
20240206,20240216,MORROPON HUANCABAMBA,HUANCABAMBA,HUARMACA,200304,P.S. SAN ANTONIO DE SUCCHIRCA,I-1,HUARMACA,HUARMACA,REGION PIURA-SALUD MORROPON-CHULUCANAS,2279,2024,1,0,0,0,,,,,,,,,,,,
20240206,20240216,MORROPON HUANCABAMBA,HUANCABAMBA,HUARMACA,200304,P.S  SUCCHIRCA,I-2,HUARMACA,HUARMACA,REGION PIURA-SALUD MORROPON-CHULUCANAS,2280,2024,1,0,0,1,,,,,,,,,,,,
20240206,20240216,MORROPON HUANCABAMBA,HUANCABAMBA,HUARMACA,200304,P.S TOLINGAS,I-1,HUARMACA,HUARMACA,REGION PIURA-SALUD MORROPON-CHULUCANAS,2281,2024,1,0,0,0,,,,,,,,,,,,
20240206,20240216,MORROPON HUANCABAMBA,HUANCABAMBA,HUARMACA,200304,P.S CALLANCAS,I-2,HUARMACA,HUARMACA,REGION PIURA-SALUD MORROPON-CHULUCANAS,2282,2024,1,0,0,0,,,,,,,,,,,,
20240206,20240216,MORROPON HUANCABAMBA,HUANCABAMBA,HUARMACA,200304,P.S NUEVO HUALAPAMPA,I-2,HUARMACA,HUARMACA,REGION PIURA-SALUD MORROPON-CHULUCANAS,2283,2024,1,0,0,0,,,,,,,,,,,,
20240206,20240216,MORROPON HUANCABAMBA,HUANCABAMBA,HUARMACA,200304,P.S SANTA TERESA,I-2,HUARMACA,HUARMACA,REGION PIURA-SALUD MORROPON-CHULUCANAS,2284,2024,1,0,1,0,,,,,,,,,,,,
20240206,20240216,MORROPON HUANCABAMBA,HUANCABAMBA,HUARMACA,200304,P.S. LOMA GRANDE,I-1,HUARMACA,HUARMACA,REGION PIURA-SALUD MORROPON-CHULUCANAS,2285,2024,1,0,2,0,,,,,,,,,,,,
20240206,20240216,MORROPON HUANCABAMBA,HUANCABAMBA,HUARMACA,200304,P.S TRIGAL,I-1,HUARMACA,HUARMACA,REGION PIURA-SALUD MORROPON-CHULUCANAS,2286,2024,1,0,1,0,,,,,,,,,,,,
20240206,20240216,MORROPON HUANCABAMBA,HUANCABAMBA,HUARMACA,200304,P.S JACAPAMPA,I-1,HUARMACA,HUARMACA,REGION PIURA-SALUD MORROPON-CHULUCANAS,2287,2024,1,0,0,0,,,,,,,,,,,,
20240206,20240216,MORROPON HUANCABAMBA,HUANCABAMBA,HUARMACA,200304,P.S HINTON,I-2,HUARMACA,HUARMACA,REGION PIURA-SALUD MORROPON-CHULUCANAS,2288,2024,1,0,1,0,,,,,,,,,,,,
20240206,20240216,LUCIANO CASTILLO COLONNA,TALARA,MANCORA,200706,MANCORA,I-3,LOS ORGANOS,SULLANA,SALUD LUCIANO CASTILLO COLONNA,6627,2024,1,0,3,2,,,,,,,,,,,,
20240206,20240216,LUCIANO CASTILLO COLONNA,SULLANA,LANCONES,200604,ENCUENTRO DE ROMEROS,I-1,LANCONES,SULLANA,SALUD LUCIANO CASTILLO COLONNA,6709,2024,1,0,0,0,,,,,,,,,,,,
20240206,20240216,LUCIANO CASTILLO COLONNA,AYABACA,PAIMAS,200207,JAMBUR,I-1,PAIMAS,AYABACA,SALUD LUCIANO CASTILLO COLONNA,6790,2024,1,0,0,0,,,,,,,,,,,,
20240206,20240216,LUCIANO CASTILLO COLONNA,SULLANA,SULLANA,200601,CHALACALA ALTA,I-1,BELLAVISTA,SULLANA,SALUD LUCIANO CASTILLO COLONNA,6935,2024,1,0,0,0,,,,,,,,,,,,
20240206,20240216,LUCIANO CASTILLO COLONNA,SULLANA,LANCONES,200604,VENADOS,I-1,LANCONES,SULLANA,SALUD LUCIANO CASTILLO COLONNA,7104,2024,1,0,0,0,,,,,,,,,,,,
20240206,20240216,LUCIANO CASTILLO COLONNA,PIURA,LAS LOMAS,200111,CP5,I-1,LAS LOMAS,AYABACA,SALUD LUCIANO CASTILLO COLONNA,7173,2024,1,0,0,0,,,,,,,,,,,,
20240206,20240216,LUCIANO CASTILLO COLONNA,AYABACA,AYABACA,200201,GIGANTE,I-1,AYABACA,AYABACA,SALUD LUCIANO CASTILLO COLONNA,7320,2024,1,0,0,0,,,,,,,,,,,,
20240206,20240216,MORROPON HUANCABAMBA,MORROPON,BUENOS AIRES,200402,E.S. I-1 PUEBLO NUEVO DE BUENOS AIRES,I-1,MORROPON,MORROPON CHULUCANAS,REGION PIURA-SALUD MORROPON-CHULUCANAS,7640,2024,1,0,0,0,,,,,,,,,,,,
20240206,20240216,LUCIANO CASTILLO COLONNA,TALARA,PARIÑAS,200701,FELIPE SANTIAGO SALAVERRY,I-2,TALARA,SULLANA,SALUD LUCIANO CASTILLO COLONNA,7718,2024,1,0,0,0,,,,,,,,,,,,
20240206,20240216,LUCIANO CASTILLO COLONNA,SULLANA,LANCONES,200604,BLAS,I-1,LANCONES,SULLANA,SALUD LUCIANO CASTILLO COLONNA,7721,2024,1,0,0,0,,,,,,,,,,,,
20240206,20240216,LUCIANO CASTILLO COLONNA,PIURA,LAS LOMAS,200111,PICHONES BAJO,I-1,LAS LOMAS,AYABACA,SALUD LUCIANO CASTILLO COLONNA,10421,2024,1,0,0,0,,,,,,,,,,,,
20240206,20240216,PIURA SECHURA,PIURA,CASTILLA,200104,SANIDAD FAP GRUP7,S/C,NO PERTENECE A NINGUNA MICRORED,NO PERTENECE A NINGUNA RED,FAP,10662,2024,1,0,0,0,,,,,,,,,,,,
20240206,20240216,LUCIANO CASTILLO COLONNA,AYABACA,AYABACA,200201,PUESTO DE SALUD JORAS,I-1,AYABACA,AYABACA,SALUD LUCIANO CASTILLO COLONNA,10726,2024,1,0,0,0,,,,,,,,,,,,
20240206,20240216,LUCIANO CASTILLO COLONNA,AYABACA,AYABACA,200201,PUESTO DE SALUD SOCCHABAMBA,I-1,AYABACA,AYABACA,SALUD LUCIANO CASTILLO COLONNA,10727,2024,1,0,0,0,,,,,,,,,,,,
20240206,20240216,MORROPON HUANCABAMBA,HUANCABAMBA,SAN MIGUEL DE EL FAIQUE,200306,P.S TALLAPAMPA,I-1,CANCHAQUE,MORROPON CHULUCANAS,REGION PIURA-SALUD MORROPON-CHULUCANAS,15178,2024,1,0,0,0,,,,,,,,,,,,
20240206,20240216,MORROPON HUANCABAMBA,HUANCABAMBA,EL CARMEN DE LA FRONTERA,200303,E.S I-2 ROSARIOS BAJO,I-1,HUANCABAMBA,HUANCABAMBA,REGION PIURA-SALUD MORROPON-CHULUCANAS,15275,2024,1,0,0,0,,,,,,,,,,,,
20240206,20240216,MORROPON HUANCABAMBA,HUANCABAMBA,EL CARMEN DE LA FRONTERA,200303,P.S TAMBILLO,I-1,HUANCABAMBA,HUANCABAMBA,REGION PIURA-SALUD MORROPON-CHULUCANAS,15276,2024,1,0,1,1,,,,,,,,,,,,
20240206,20240216,MORROPON HUANCABAMBA,HUANCABAMBA,EL CARMEN DE LA FRONTERA,200303,P.S SAN ANTONIO,I-1,HUANCABAMBA,HUANCABAMBA,REGION PIURA-SALUD MORROPON-CHULUCANAS,15277,2024,1,0,0,0,,,,,,,,,,,,
20240206,20240216,MORROPON HUANCABAMBA,HUANCABAMBA,SONDORILLO,200308,E.S I-1 HUAYLAS,I-1,HUANCABAMBA,HUANCABAMBA,REGION PIURA-SALUD MORROPON-CHULUCANAS,15280,2024,1,0,0,0,,,,,,,,,,,,
20240206,20240216,MORROPON HUANCABAMBA,HUANCABAMBA,SONDORILLO,200308,E. S. I - 1 LACCHAN,I-1,HUANCABAMBA,HUANCABAMBA,REGION PIURA-SALUD MORROPON-CHULUCANAS,15281,2024,1,0,0,1,,,,,,,,,,,,
20240206,20240216,MORROPON HUANCABAMBA,HUANCABAMBA,HUARMACA,200304,P.S EL SAUCE,I-1,HUARMACA,HUARMACA,REGION PIURA-SALUD MORROPON-CHULUCANAS,15376,2024,1,0,0,1,,,,,,,,,,,,
20240206,20240216,MORROPON HUANCABAMBA,AYABACA,FRIAS,200202,P.S CULCAS,I-1,CHULUCANAS,MORROPON CHULUCANAS,REGION PIURA-SALUD MORROPON-CHULUCANAS,15959,2024,1,0,0,0,,,,,,,,,,,,
20240206,20240216,MORROPON HUANCABAMBA,MORROPON,LA MATANZA,200404,P.S.  PIURA LA VIEJA,I-1,CHULUCANAS,MORROPON CHULUCANAS,REGION PIURA-SALUD MORROPON-CHULUCANAS,15981,2024,1,0,0,0,,,,,,,,,,,,
20240206,20240216,MORROPON HUANCABAMBA,MORROPON,LA MATANZA,200404,P.S TIERRAS DURAS DEL VIRREY,I-1,CHULUCANAS,MORROPON CHULUCANAS,REGION PIURA-SALUD MORROPON-CHULUCANAS,15993,2024,1,0,0,0,,,,,,,,,,,,
20240206,20240216,MORROPON HUANCABAMBA,HUANCABAMBA,HUANCABAMBA,200301,P.S PASAPAMPA,I-1,HUANCABAMBA,HUANCABAMBA,REGION PIURA-SALUD MORROPON-CHULUCANAS,16969,2024,1,0,1,0,,,,,,,,,,,,
20240206,20240216,MORROPON HUANCABAMBA,HUANCABAMBA,HUANCABAMBA,200301,P.S JACOCHA,I-1,HUANCABAMBA,HUANCABAMBA,REGION PIURA-SALUD MORROPON-CHULUCANAS,16970,2024,1,0,0,0,,,,,,,,,,,,
20240206,20240216,LUCIANO CASTILLO COLONNA,AYABACA,AYABACA,200201,SAUSAL DEL QUIROZ,I-1,AYABACA,AYABACA,SALUD LUCIANO CASTILLO COLONNA,18426,2024,1,0,0,0,,,,,,,,,,,,
20240206,20240216,LUCIANO CASTILLO COLONNA,AYABACA,AYABACA,200201,PUESTO DE SALUD HUALCUY,I-1,AYABACA,AYABACA,SALUD LUCIANO CASTILLO COLONNA,19125,2024,1,0,0,0,,,,,,,,,,,,
20240206,20240216,LUCIANO CASTILLO COLONNA,AYABACA,AYABACA,200201,ANIA,I-1,AYABACA,AYABACA,SALUD LUCIANO CASTILLO COLONNA,19836,2024,1,0,0,0,,,,,,,,,,,,
20240206,20240216,LUCIANO CASTILLO COLONNA,AYABACA,AYABACA,200201,PUESTO DE SALUD RODEOPAMPA,I-1,AYABACA,AYABACA,SALUD LUCIANO CASTILLO COLONNA,19837,2024,1,0,0,0,,,,,,,,,,,,
20240206,20240216,LUCIANO CASTILLO COLONNA,AYABACA,AYABACA,200201,PUESTO DE SALUD HUILCO,I-1,AYABACA,AYABACA,SALUD LUCIANO CASTILLO COLONNA,19844,2024,1,0,0,0,,,,,,,,,,,,
20240206,20240216,LUCIANO CASTILLO COLONNA,SULLANA,SULLANA,200601,CIENEGUILLO SUR ALTO,I-1,BELLAVISTA,SULLANA,SALUD LUCIANO CASTILLO COLONNA,24065,2024,1,0,0,0,,,,,,,,,,,,
20240206,20240216,LUCIANO CASTILLO COLONNA,PAITA,PAITA,200501,JUAN VALER SANDOVAL,I-3,PAITA,SULLANA,SALUD LUCIANO CASTILLO COLONNA,24958,2024,1,0,4,0,,,,,,,,,,,,
"20240206,20240216,LUCIANO CASTILLO COLONNA,SULLANA,SULLANA,200601,""CENTRO DE SALUD MENTAL COMUNITARIO  """"JESÚS REDENTOR"""""",I-3,BELLAVISTA,SULLANA,SALUD LUCIANO CASTILLO COLONNA,24988,2024,1,0,0,0,,,,,,,,,,,,"
"20240206,20240216,LUCIANO CASTILLO COLONNA,SULLANA,BELLAVISTA,200602,""CENTRO DE SALUD MENTAL COMUNITARIO """"MADRE DEL PERPETUO SOCORRO"""""",I-3,BELLAVISTA,SULLANA,SALUD LUCIANO CASTILLO COLONNA,25214,2024,1,0,0,0,,,,,,,,,,,,"
"20240206,20240216,LUCIANO CASTILLO COLONNA,PAITA,PAITA,200501,""CENTRO DE  SALUD  MENTAL COMUNITARIO """"SAN  ALFONSO"""""",I-3,BELLAVISTA,SULLANA,SALUD LUCIANO CASTILLO COLONNA,25892,2024,1,0,0,0,,,,,,,,,,,,"
"20240206,20240216,LUCIANO CASTILLO COLONNA,PIURA,TAMBO GRANDE,200114,""CENTRO DE SALUD MENTAL COMUNITARIO """"SAN GERARDO"""""",I-3,TAMBOGRANDE,AYABACA,SALUD LUCIANO CASTILLO COLONNA,27663,2024,1,0,0,0,,,,,,,,,,,,"
20240206,20240216,MORROPON HUANCABAMBA,MORROPON,CHULUCANAS,200401,CENTRO DE SALUD MENTAL COMUNITARIO CHULUCANAS,S/C,CHULUCANAS,MORROPON CHULUCANAS,REGION PIURA-SALUD MORROPON-CHULUCANAS,28439,2024,1,0,0,0,,,,,,,,,,,,
20240206,20240216,LUCIANO CASTILLO COLONNA,AYABACA,AYABACA,200201,PUESTO DE SALUD I - 1 DE TABLAS,I-1,AYABACA,AYABACA,SALUD LUCIANO CASTILLO COLONNA,28663,2024,1,0,0,0,,,,,,,,,,,,
20240206,20240216,MORROPON HUANCABAMBA,HUANCABAMBA,LALAQUIZ,200305,E.S. EL PAPAYO,I-3,SALITRAL,MORROPON CHULUCANAS,REGION PIURA-SALUD MORROPON-CHULUCANAS,30253,2024,1,0,0,0,,,,,,,,,,,,
20240206,20240216,MORROPON HUANCABAMBA,HUANCABAMBA,HUARMACA,200304,HIGUERON PAMPA,I-1,HUARMACA,HUARMACA,REGION PIURA-SALUD MORROPON-CHULUCANAS,30598,2024,1,0,0,0,,,,,,,,,,,,
20240206,20240216,MORROPON HUANCABAMBA,MORROPON,SAN JUAN DE BIGOTE,200407,BARRIOS,I-1,SALITRAL,MORROPON CHULUCANAS,REGION PIURA-SALUD MORROPON-CHULUCANAS,30743,2024,1,0,0,0,,,,,,,,,,,,
20240206,20240216,PIURA SECHURA,PIURA,VEINTISEIS DE OCTUB,200115,CENTRO DE SALUD MENTAL COMUNITARIO LAS DALIAS,S/C,PIURA,PIURA CASTILLA,SALUD PIURA,30872,2024,1,0,0,0,,,,,,,,,,,,
20240206,20240216,PIURA SECHURA,SECHURA,VICE,200805,CENTRO DE SALUD MENTAL COMUNITARIO VICE,I-3,SECHURA,BAJO PIURA,SALUD PIURA,31075,2024,1,0,0,0,,,,,,,,,,,,
"20240206,20240216,LUCIANO CASTILLO COLONNA,SULLANA,QUERECOTILLO,200607,""CENTRO DE SALUD MENTAL COMUNITARIO """"SEÑOR DE CHOCAN"""""",I-3,BELLAVISTA,SULLANA,SALUD LUCIANO CASTILLO COLONNA,31452,2024,1,0,0,0,,,,,,,,,,,,"
20240206,20240216,LUCIANO CASTILLO COLONNA,SULLANA,SULLANA,200601,HOGAR PROTEGIDO DE SULLANA,S/C,NO PERTENECE A NINGUNA MICRORED,NO PERTENECE A NINGUNA RED,SALUD LUCIANO CASTILLO COLONNA,31453,2024,1,0,0,0,,,,,,,,,,,,
"20240206,20240216,LUCIANO CASTILLO COLONNA,AYABACA,PAIMAS,200207,""CENTRO DE SALUD MENTAL COMUNITARIO """"BUEN SAMARITANO"""""",I-3,PAIMAS,AYABACA,SALUD LUCIANO CASTILLO COLONNA,31459,2024,1,0,0,0,,,,,,,,,,,,"
20240206,20240216,PIURA SECHURA,PIURA,CATACAOS,200105,CENTRO DE SALUD MENTAL COMUNITARIO CATACAOS,S/C,NO PERTENECE A NINGUNA MICRORED,NO PERTENECE A NINGUNA RED,SALUD PIURA,9999053,2024,1,0,0,0,,,,,,,,,,,,
20240206,20240216,PIURA SECHURA,SECHURA,SECHURA,200801,CENTRO DE SALUD MENTAL COMUNITARIO SECHURA,S/C,NO PERTENECE A NINGUNA MICRORED,NO PERTENECE A NINGUNA RED,SALUD PIURA,9999054,2024,1,0,0,0,,,,,,,,,,,,
20240206,20240216,PIURA SECHURA,PIURA,PIURA,200101,CENTRO DE SALUD MENTAL COMUNITARIO PIURA,I-3,NO PERTENECE A NINGUNA MICRORED,NO PERTENECE A NINGUNA RED,SALUD PIURA,9999093,2024,1,0,0,0,,,,,,,,,,,,
20240206,20240216,PIURA SECHURA,PIURA,VEINTISEIS DE OCTUB,200115,CENTRO DE SALUD MENTAL COMUNITARIO VEINTISÉIS DE OCTUBRE,S/C,NO PERTENECE A NINGUNA MICRORED,NO PERTENECE A NINGUNA RED,SALUD PIURA,9999141,2024,1,0,0,0,,,,,,,,,,,,
20240206,20240216,PIURA SECHURA,PIURA,CASTILLA,200104,CENTRO DE SALUD MENTAL COMUNITARIO CASTILLA,S/C,NO PERTENECE A NINGUNA MICRORED,NO PERTENECE A NINGUNA RED,SALUD PIURA,9999142,2024,1,0,0,0,,,,,,,,,,,,
20240206,20240216,LUCIANO CASTILLO COLONNA,PIURA,PARIÑAS,200701,CENTRO DE SALUD MENTAL COMUNITARIO SAN CLEMENTE,S/C,NO PERTENECE A NINGUNA MICRORED,NO PERTENECE A NINGUNA RED,SALUD LUCIANO CASTILLO COLONNA,9999143,2024,1,0,0,0,,,,,,,,,,,,
,,,,,,,,,,,,,,,,,,,,,,,,,,,,
,,,,,,,,,,,,,,,,,,,,,,,,,,,,
,,,,,,,,,,,,,,,,,,,,,,,,,,,,
,,,,,,,,,,,,,,,,,,,,,,,,,,,,
,,,,,,,,,,,,,,,,,,,,,,,,,,,,
,,,,,,,,,,,,,,,,,,,,,,,,,,,,
,,,,,,,,,,,,,,,,,,,,,,,,,,,,
,,,,,,,,,,,,,,,,,,,,,,,,,,,,
,,,,,,,,,,,,,,,,,,,,,,,,,,,,
,,,,,,,,,,,,,,,,,,,,,,,,,,,,
,,,,,,,,,,,,,,,,,,,,,,,,,,,,
,,,,,,,,,,,,,,,,,,,,,,,,,,,,
,,,,,,,,,,,,,,,,,,,,,,,,,,,,
,,,,,,,,,,,,,,,,,,,,,,,,,,,,
,,,,,,,,,,,,,,,,,,,,,,,,,,,,
,,,,,,,,,,,,,,,,,,,,,,,,,,,,
,,,,,,,,,,,,,,,,,,,,,,,,,,,,
,,,,,,,,,,,,,,,,,,,,,,,,,,,,
,,,,,,,,,,,,,,,,,,,,,,,,,,,,
,,,,,,,,,,,,,,,,,,,,,,,,,,,,
,,,,,,,,,,,,,,,,,,,,,,,,,,,,
,,,,,,,,,,,,,,,,,,,,,,,,,,,,
,,,,,,,,,,,,,,,,,,,,,,,,,,,,
,,,,,,,,,,,,,,,,,,,,,,,,,,,,
,,,,,,,,,,,,,,,,,,,,,,,,,,,,
,,,,,,,,,,,,,,,,,,,,,,,,,,,,
,,,,,,,,,,,,,,,,,,,,,,,,,,,,
,,,,,,,,,,,,,,,,,,,,,,,,,,,,
,,,,,,,,,,,,,,,,,,,,,,,,,,,,
,,,,,,,,,,,,,,,,,,,,,,,,,,,,
,,,,,,,,,,,,,,,,,,,,,,,,,,,,
,,,,,,,,,,,,,,,,,,,,,,,,,,,,
,,,,,,,,,,,,,,,,,,,,,,,,,,,,
,,,,,,,,,,,,,,,,,,,,,,,,,,,,
,,,,,,,,,,,,,,,,,,,,,,,,,,,,
,,,,,,,,,,,,,,,,,,,,,,,,,,,,
,,,,,,,,,,,,,,,,,,,,,,,,,,,,
,,,,,,,,,,,,,,,,,,,,,,,,,,,,
,,,,,,,,,,,,,,,,,,,,,,,,,,,,
,,,,,,,,,,,,,,,,,,,,,,,,,,,,
,,,,,,,,,,,,,,,,,,,,,,,,,,,,
,,,,,,,,,,,,,,,,,,,,,,,,,,,,
,,,,,,,,,,,,,,,,,,,,,,,,,,,,
,,,,,,,,,,,,,,,,,,,,,,,,,,,,
,,,,,,,,,,,,,,,,,,,,,,,,,,,,
,,,,,,,,,,,,,,,,,,,,,,,,,,,,
,,,,,,,,,,,,,,,,,,,,,,,,,,,,
,,,,,,,,,,,,,,,,,,,,,,,,,,,,
,,,,,,,,,,,,,,,,,,,,,,,,,,,,
,,,,,,,,,,,,,,,,,,,,,,,,,,,,
,,,,,,,,,,,,,,,,,,,,,,,,,,,,
,,,,,,,,,,,,,,,,,,,,,,,,,,,,
,,,,,,,,,,,,,,,,,,,,,,,,,,,,
,,,,,,,,,,,,,,,,,,,,,,,,,,,,
,,,,,,,,,,,,,,,,,,,,,,,,,,,,
,,,,,,,,,,,,,,,,,,,,,,,,,,,,
,,,,,,,,,,,,,,,,,,,,,,,,,,,,
,,,,,,,,,,,,,,,,,,,,,,,,,,,,
,,,,,,,,,,,,,,,,,,,,,,,,,,,,
,,,,,,,,,,,,,,,,,,,,,,,,,,,,
,,,,,,,,,,,,,,,,,,,,,,,,,,,,
,,,,,,,,,,,,,,,,,,,,,,,,,,,,
,,,,,,,,,,,,,,,,,,,,,,,,,,,,
,,,,,,,,,,,,,,,,,,,,,,,,,,,,
,,,,,,,,,,,,,,,,,,,,,,,,,,,,
,,,,,,,,,,,,,,,,,,,,,,,,,,,,
,,,,,,,,,,,,,,,,,,,,,,,,,,,,
,,,,,,,,,,,,,,,,,,,,,,,,,,,,
,,,,,,,,,,,,,,,,,,,,,,,,,,,,
,,,,,,,,,,,,,,,,,,,,,,,,,,,,
,,,,,,,,,,,,,,,,,,,,,,,,,,,,
,,,,,,,,,,,,,,,,,,,,,,,,,,,,
,,,,,,,,,,,,,,,,,,,,,,,,,,,,
,,,,,,,,,,,,,,,,,,,,,,,,,,,,
,,,,,,,,,,,,,,,,,,,,,,,,,,,,
,,,,,,,,,,,,,,,,,,,,,,,,,,,,
,,,,,,,,,,,,,,,,,,,,,,,,,,,,
,,,,,,,,,,,,,,,,,,,,,,,,,,,,
,,,,,,,,,,,,,,,,,,,,,,,,,,,,
,,,,,,,,,,,,,,,,,,,,,,,,,,,,
,,,,,,,,,,,,,,,,,,,,,,,,,,,,
,,,,,,,,,,,,,,,,,,,,,,,,,,,,
,,,,,,,,,,,,,,,,,,,,,,,,,,,,
,,,,,,,,,,,,,,,,,,,,,,,,,,,,
,,,,,,,,,,,,,,,,,,,,,,,,,,,,
,,,,,,,,,,,,,,,,,,,,,,,,,,,,
,,,,,,,,,,,,,,,,,,,,,,,,,,,,
,,,,,,,,,,,,,,,,,,,,,,,,,,,,
,,,,,,,,,,,,,,,,,,,,,,,,,,,,
,,,,,,,,,,,,,,,,,,,,,,,,,,,,
,,,,,,,,,,,,,,,,,,,,,,,,,,,,
,,,,,,,,,,,,,,,,,,,,,,,,,,,,
,,,,,,,,,,,,,,,,,,,,,,,,,,,,
,,,,,,,,,,,,,,,,,,,,,,,,,,,,
,,,,,,,,,,,,,,,,,,,,,,,,,,,,
,,,,,,,,,,,,,,,,,,,,,,,,,,,,
,,,,,,,,,,,,,,,,,,,,,,,,,,,,
,,,,,,,,,,,,,,,,,,,,,,,,,,,,
,,,,,,,,,,,,,,,,,,,,,,,,,,,,
,,,,,,,,,,,,,,,,,,,,,,,,,,,,
,,,,,,,,,,,,,,,,,,,,,,,,,,,,
,,,,,,,,,,,,,,,,,,,,,,,,,,,,
,,,,,,,,,,,,,,,,,,,,,,,,,,,,
,,,,,,,,,,,,,,,,,,,,,,,,,,,,
,,,,,,,,,,,,,,,,,,,,,,,,,,,,
,,,,,,,,,,,,,,,,,,,,,,,,,,,,
,,,,,,,,,,,,,,,,,,,,,,,,,,,,
,,,,,,,,,,,,,,,,,,,,,,,,,,,,
,,,,,,,,,,,,,,,,,,,,,,,,,,,,
,,,,,,,,,,,,,,,,,,,,,,,,,,,,
,,,,,,,,,,,,,,,,,,,,,,,,,,,,
,,,,,,,,,,,,,,,,,,,,,,,,,,,,
,,,,,,,,,,,,,,,,,,,,,,,,,,,,
,,,,,,,,,,,,,,,,,,,,,,,,,,,,
,,,,,,,,,,,,,,,,,,,,,,,,,,,,
,,,,,,,,,,,,,,,,,,,,,,,,,,,,
,,,,,,,,,,,,,,,,,,,,,,,,,,,,
,,,,,,,,,,,,,,,,,,,,,,,,,,,,
,,,,,,,,,,,,,,,,,,,,,,,,,,,,
,,,,,,,,,,,,,,,,,,,,,,,,,,,,
,,,,,,,,,,,,,,,,,,,,,,,,,,,,
,,,,,,,,,,,,,,,,,,,,,,,,,,,,
,,,,,,,,,,,,,,,,,,,,,,,,,,,,
,,,,,,,,,,,,,,,,,,,,,,,,,,,,
,,,,,,,,,,,,,,,,,,,,,,,,,,,,
,,,,,,,,,,,,,,,,,,,,,,,,,,,,
,,,,,,,,,,,,,,,,,,,,,,,,,,,,
,,,,,,,,,,,,,,,,,,,,,,,,,,,,
,,,,,,,,,,,,,,,,,,,,,,,,,,,,
,,,,,,,,,,,,,,,,,,,,,,,,,,,,
,,,,,,,,,,,,,,,,,,,,,,,,,,,,
,,,,,,,,,,,,,,,,,,,,,,,,,,,,
,,,,,,,,,,,,,,,,,,,,,,,,,,,,
,,,,,,,,,,,,,,,,,,,,,,,,,,,,
,,,,,,,,,,,,,,,,,,,,,,,,,,,,
,,,,,,,,,,,,,,,,,,,,,,,,,,,,
,,,,,,,,,,,,,,,,,,,,,,,,,,,,
,,,,,,,,,,,,,,,,,,,,,,,,,,,,
,,,,,,,,,,,,,,,,,,,,,,,,,,,,
,,,,,,,,,,,,,,,,,,,,,,,,,,,,
,,,,,,,,,,,,,,,,,,,,,,,,,,,,
,,,,,,,,,,,,,,,,,,,,,,,,,,,,
,,,,,,,,,,,,,,,,,,,,,,,,,,,,
,,,,,,,,,,,,,,,,,,,,,,,,,,,,
,,,,,,,,,,,,,,,,,,,,,,,,,,,,
,,,,,,,,,,,,,,,,,,,,,,,,,,,,
,,,,,,,,,,,,,,,,,,,,,,,,,,,,
,,,,,,,,,,,,,,,,,,,,,,,,,,,,
,,,,,,,,,,,,,,,,,,,,,,,,,,,,
,,,,,,,,,,,,,,,,,,,,,,,,,,,,
,,,,,,,,,,,,,,,,,,,,,,,,,,,,
,,,,,,,,,,,,,,,,,,,,,,,,,,,,
,,,,,,,,,,,,,,,,,,,,,,,,,,,,
,,,,,,,,,,,,,,,,,,,,,,,,,,,,
,,,,,,,,,,,,,,,,,,,,,,,,,,,,
,,,,,,,,,,,,,,,,,,,,,,,,,,,,
,,,,,,,,,,,,,,,,,,,,,,,,,,,,
,,,,,,,,,,,,,,,,,,,,,,,,,,,,
,,,,,,,,,,,,,,,,,,,,,,,,,,,,
,,,,,,,,,,,,,,,,,,,,,,,,,,,,
,,,,,,,,,,,,,,,,,,,,,,,,,,,,
,,,,,,,,,,,,,,,,,,,,,,,,,,,,
,,,,,,,,,,,,,,,,,,,,,,,,,,,,
,,,,,,,,,,,,,,,,,,,,,,,,,,,,
,,,,,,,,,,,,,,,,,,,,,,,,,,,,
,,,,,,,,,,,,,,,,,,,,,,,,,,,,
,,,,,,,,,,,,,,,,,,,,,,,,,,,,
,,,,,,,,,,,,,,,,,,,,,,,,,,,,
,,,,,,,,,,,,,,,,,,,,,,,,,,,,
,,,,,,,,,,,,,,,,,,,,,,,,,,,,
,,,,,,,,,,,,,,,,,,,,,,,,,,,,
,,,,,,,,,,,,,,,,,,,,,,,,,,,,
,,,,,,,,,,,,,,,,,,,,,,,,,,,,
,,,,,,,,,,,,,,,,,,,,,,,,,,,,
,,,,,,,,,,,,,,,,,,,,,,,,,,,,
,,,,,,,,,,,,,,,,,,,,,,,,,,,,
,,,,,,,,,,,,,,,,,,,,,,,,,,,,
,,,,,,,,,,,,,,,,,,,,,,,,,,,,
,,,,,,,,,,,,,,,,,,,,,,,,,,,,
,,,,,,,,,,,,,,,,,,,,,,,,,,,,
,,,,,,,,,,,,,,,,,,,,,,,,,,,,
,,,,,,,,,,,,,,,,,,,,,,,,,,,,
,,,,,,,,,,,,,,,,,,,,,,,,,,,,
,,,,,,,,,,,,,,,,,,,,,,,,,,,,
,,,,,,,,,,,,,,,,,,,,,,,,,,,,
,,,,,,,,,,,,,,,,,,,,,,,,,,,,
,,,,,,,,,,,,,,,,,,,,,,,,,,,,
,,,,,,,,,,,,,,,,,,,,,,,,,,,,
,,,,,,,,,,,,,,,,,,,,,,,,,,,,
,,,,,,,,,,,,,,,,,,,,,,,,,,,,
,,,,,,,,,,,,,,,,,,,,,,,,,,,,
,,,,,,,,,,,,,,,,,,,,,,,,,,,,
,,,,,,,,,,,,,,,,,,,,,,,,,,,,
,,,,,,,,,,,,,,,,,,,,,,,,,,,,
,,,,,,,,,,,,,,,,,,,,,,,,,,,,
,,,,,,,,,,,,,,,,,,,,,,,,,,,,
,,,,,,,,,,,,,,,,,,,,,,,,,,,,
,,,,,,,,,,,,,,,,,,,,,,,,,,,,
,,,,,,,,,,,,,,,,,,,,,,,,,,,,
,,,,,,,,,,,,,,,,,,,,,,,,,,,,
,,,,,,,,,,,,,,,,,,,,,,,,,,,,
,,,,,,,,,,,,,,,,,,,,,,,,,,,,
,,,,,,,,,,,,,,,,,,,,,,,,,,,,
,,,,,,,,,,,,,,,,,,,,,,,,,,,,
,,,,,,,,,,,,,,,,,,,,,,,,,,,,
,,,,,,,,,,,,,,,,,,,,,,,,,,,,
,,,,,,,,,,,,,,,,,,,,,,,,,,,,
,,,,,,,,,,,,,,,,,,,,,,,,,,,,
,,,,,,,,,,,,,,,,,,,,,,,,,,,,
,,,,,,,,,,,,,,,,,,,,,,,,,,,,
,,,,,,,,,,,,,,,,,,,,,,,,,,,,
,,,,,,,,,,,,,,,,,,,,,,,,,,,,
,,,,,,,,,,,,,,,,,,,,,,,,,,,,
,,,,,,,,,,,,,,,,,,,,,,,,,,,,
,,,,,,,,,,,,,,,,,,,,,,,,,,,,
,,,,,,,,,,,,,,,,,,,,,,,,,,,,
,,,,,,,,,,,,,,,,,,,,,,,,,,,,
,,,,,,,,,,,,,,,,,,,,,,,,,,,,
,,,,,,,,,,,,,,,,,,,,,,,,,,,,
,,,,,,,,,,,,,,,,,,,,,,,,,,,,
,,,,,,,,,,,,,,,,,,,,,,,,,,,,
,,,,,,,,,,,,,,,,,,,,,,,,,,,,
,,,,,,,,,,,,,,,,,,,,,,,,,,,,
,,,,,,,,,,,,,,,,,,,,,,,,,,,,
,,,,,,,,,,,,,,,,,,,,,,,,,,,,
,,,,,,,,,,,,,,,,,,,,,,,,,,,,
,,,,,,,,,,,,,,,,,,,,,,,,,,,,
,,,,,,,,,,,,,,,,,,,,,,,,,,,,
,,,,,,,,,,,,,,,,,,,,,,,,,,,,
,,,,,,,,,,,,,,,,,,,,,,,,,,,,
,,,,,,,,,,,,,,,,,,,,,,,,,,,,
,,,,,,,,,,,,,,,,,,,,,,,,,,,,
,,,,,,,,,,,,,,,,,,,,,,,,,,,,
,,,,,,,,,,,,,,,,,,,,,,,,,,,,
,,,,,,,,,,,,,,,,,,,,,,,,,,,,
,,,,,,,,,,,,,,,,,,,,,,,,,,,,
,,,,,,,,,,,,,,,,,,,,,,,,,,,,
,,,,,,,,,,,,,,,,,,,,,,,,,,,,
,,,,,,,,,,,,,,,,,,,,,,,,,,,,
,,,,,,,,,,,,,,,,,,,,,,,,,,,,
,,,,,,,,,,,,,,,,,,,,,,,,,,,,
,,,,,,,,,,,,,,,,,,,,,,,,,,,,
,,,,,,,,,,,,,,,,,,,,,,,,,,,,
,,,,,,,,,,,,,,,,,,,,,,,,,,,,
,,,,,,,,,,,,,,,,,,,,,,,,,,,,
,,,,,,,,,,,,,,,,,,,,,,,,,,,,
,,,,,,,,,,,,,,,,,,,,,,,,,,,,
,,,,,,,,,,,,,,,,,,,,,,,,,,,,
,,,,,,,,,,,,,,,,,,,,,,,,,,,,
,,,,,,,,,,,,,,,,,,,,,,,,,,,,
,,,,,,,,,,,,,,,,,,,,,,,,,,,,
,,,,,,,,,,,,,,,,,,,,,,,,,,,,
,,,,,,,,,,,,,,,,,,,,,,,,,,,,
,,,,,,,,,,,,,,,,,,,,,,,,,,,,
,,,,,,,,,,,,,,,,,,,,,,,,,,,,
,,,,,,,,,,,,,,,,,,,,,,,,,,,,
,,,,,,,,,,,,,,,,,,,,,,,,,,,,
,,,,,,,,,,,,,,,,,,,,,,,,,,,,
,,,,,,,,,,,,,,,,,,,,,,,,,,,,
,,,,,,,,,,,,,,,,,,,,,,,,,,,,
,,,,,,,,,,,,,,,,,,,,,,,,,,,,
,,,,,,,,,,,,,,,,,,,,,,,,,,,,
,,,,,,,,,,,,,,,,,,,,,,,,,,,,
,,,,,,,,,,,,,,,,,,,,,,,,,,,,
,,,,,,,,,,,,,,,,,,,,,,,,,,,,
,,,,,,,,,,,,,,,,,,,,,,,,,,,,
,,,,,,,,,,,,,,,,,,,,,,,,,,,,
,,,,,,,,,,,,,,,,,,,,,,,,,,,,
,,,,,,,,,,,,,,,,,,,,,,,,,,,,
,,,,,,,,,,,,,,,,,,,,,,,,,,,,
,,,,,,,,,,,,,,,,,,,,,,,,,,,,
,,,,,,,,,,,,,,,,,,,,,,,,,,,,
,,,,,,,,,,,,,,,,,,,,,,,,,,,,
,,,,,,,,,,,,,,,,,,,,,,,,,,,,
,,,,,,,,,,,,,,,,,,,,,,,,,,,,
,,,,,,,,,,,,,,,,,,,,,,,,,,,,
,,,,,,,,,,,,,,,,,,,,,,,,,,,,
,,,,,,,,,,,,,,,,,,,,,,,,,,,,
,,,,,,,,,,,,,,,,,,,,,,,,,,,,
,,,,,,,,,,,,,,,,,,,,,,,,,,,,
,,,,,,,,,,,,,,,,,,,,,,,,,,,,
,,,,,,,,,,,,,,,,,,,,,,,,,,,,
,,,,,,,,,,,,,,,,,,,,,,,,,,,,
,,,,,,,,,,,,,,,,,,,,,,,,,,,,
,,,,,,,,,,,,,,,,,,,,,,,,,,,,
,,,,,,,,,,,,,,,,,,,,,,,,,,,,
,,,,,,,,,,,,,,,,,,,,,,,,,,,,
,,,,,,,,,,,,,,,,,,,,,,,,,,,,
,,,,,,,,,,,,,,,,,,,,,,,,,,,,
,,,,,,,,,,,,,,,,,,,,,,,,,,,,
,,,,,,,,,,,,,,,,,,,,,,,,,,,,
,,,,,,,,,,,,,,,,,,,,,,,,,,,,
,,,,,,,,,,,,,,,,,,,,,,,,,,,,
,,,,,,,,,,,,,,,,,,,,,,,,,,,,
,,,,,,,,,,,,,,,,,,,,,,,,,,,,
,,,,,,,,,,,,,,,,,,,,,,,,,,,,
,,,,,,,,,,,,,,,,,,,,,,,,,,,,
,,,,,,,,,,,,,,,,,,,,,,,,,,,,
,,,,,,,,,,,,,,,,,,,,,,,,,,,,
,,,,,,,,,,,,,,,,,,,,,,,,,,,,
,,,,,,,,,,,,,,,,,,,,,,,,,,,,
,,,,,,,,,,,,,,,,,,,,,,,,,,,,
,,,,,,,,,,,,,,,,,,,,,,,,,,,,
,,,,,,,,,,,,,,,,,,,,,,,,,,,,
,,,,,,,,,,,,,,,,,,,,,,,,,,,,
,,,,,,,,,,,,,,,,,,,,,,,,,,,,
,,,,,,,,,,,,,,,,,,,,,,,,,,,,
,,,,,,,,,,,,,,,,,,,,,,,,,,,,
,,,,,,,,,,,,,,,,,,,,,,,,,,,,
,,,,,,,,,,,,,,,,,,,,,,,,,,,,
,,,,,,,,,,,,,,,,,,,,,,,,,,,,
,,,,,,,,,,,,,,,,,,,,,,,,,,,,
,,,,,,,,,,,,,,,,,,,,,,,,,,,,
,,,,,,,,,,,,,,,,,,,,,,,,,,,,
,,,,,,,,,,,,,,,,,,,,,,,,,,,,
,,,,,,,,,,,,,,,,,,,,,,,,,,,,
,,,,,,,,,,,,,,,,,,,,,,,,,,,,
,,,,,,,,,,,,,,,,,,,,,,,,,,,,
,,,,,,,,,,,,,,,,,,,,,,,,,,,,
,,,,,,,,,,,,,,,,,,,,,,,,,,,,
,,,,,,,,,,,,,,,,,,,,,,,,,,,,
,,,,,,,,,,,,,,,,,,,,,,,,,,,,
,,,,,,,,,,,,,,,,,,,,,,,,,,,,
,,,,,,,,,,,,,,,,,,,,,,,,,,,,
,,,,,,,,,,,,,,,,,,,,,,,,,,,,
,,,,,,,,,,,,,,,,,,,,,,,,,,,,
,,,,,,,,,,,,,,,,,,,,,,,,,,,,
,,,,,,,,,,,,,,,,,,,,,,,,,,,,
,,,,,,,,,,,,,,,,,,,,,,,,,,,,
,,,,,,,,,,,,,,,,,,,,,,,,,,,,
,,,,,,,,,,,,,,,,,,,,,,,,,,,,
,,,,,,,,,,,,,,,,,,,,,,,,,,,,
,,,,,,,,,,,,,,,,,,,,,,,,,,,,
,,,,,,,,,,,,,,,,,,,,,,,,,,,,
,,,,,,,,,,,,,,,,,,,,,,,,,,,,
,,,,,,,,,,,,,,,,,,,,,,,,,,,,
,,,,,,,,,,,,,,,,,,,,,,,,,,,,
,,,,,,,,,,,,,,,,,,,,,,,,,,,,
,,,,,,,,,,,,,,,,,,,,,,,,,,,,
,,,,,,,,,,,,,,,,,,,,,,,,,,,,
,,,,,,,,,,,,,,,,,,,,,,,,,,,,
,,,,,,,,,,,,,,,,,,,,,,,,,,,,
,,,,,,,,,,,,,,,,,,,,,,,,,,,,
,,,,,,,,,,,,,,,,,,,,,,,,,,,,
,,,,,,,,,,,,,,,,,,,,,,,,,,,,
,,,,,,,,,,,,,,,,,,,,,,,,,,,,
,,,,,,,,,,,,,,,,,,,,,,,,,,,,
,,,,,,,,,,,,,,,,,,,,,,,,,,,,
,,,,,,,,,,,,,,,,,,,,,,,,,,,,
,,,,,,,,,,,,,,,,,,,,,,,,,,,,
,,,,,,,,,,,,,,,,,,,,,,,,,,,,
,,,,,,,,,,,,,,,,,,,,,,,,,,,,
,,,,,,,,,,,,,,,,,,,,,,,,,,,,
,,,,,,,,,,,,,,,,,,,,,,,,,,,,
,,,,,,,,,,,,,,,,,,,,,,,,,,,,
,,,,,,,,,,,,,,,,,,,,,,,,,,,,
,,,,,,,,,,,,,,,,,,,,,,,,,,,,
,,,,,,,,,,,,,,,,,,,,,,,,,,,,
,,,,,,,,,,,,,,,,,,,,,,,,,,,,
,,,,,,,,,,,,,,,,,,,,,,,,,,,,
,,,,,,,,,,,,,,,,,,,,,,,,,,,,
,,,,,,,,,,,,,,,,,,,,,,,,,,,,
,,,,,,,,,,,,,,,,,,,,,,,,,,,,
,,,,,,,,,,,,,,,,,,,,,,,,,,,,
,,,,,,,,,,,,,,,,,,,,,,,,,,,,
,,,,,,,,,,,,,,,,,,,,,,,,,,,,
,,,,,,,,,,,,,,,,,,,,,,,,,,,,
,,,,,,,,,,,,,,,,,,,,,,,,,,,,
,,,,,,,,,,,,,,,,,,,,,,,,,,,,
,,,,,,,,,,,,,,,,,,,,,,,,,,,,
,,,,,,,,,,,,,,,,,,,,,,,,,,,,
,,,,,,,,,,,,,,,,,,,,,,,,,,,,
,,,,,,,,,,,,,,,,,,,,,,,,,,,,
,,,,,,,,,,,,,,,,,,,,,,,,,,,,
,,,,,,,,,,,,,,,,,,,,,,,,,,,,
,,,,,,,,,,,,,,,,,,,,,,,,,,,,
,,,,,,,,,,,,,,,,,,,,,,,,,,,,
,,,,,,,,,,,,,,,,,,,,,,,,,,,,
,,,,,,,,,,,,,,,,,,,,,,,,,,,,
,,,,,,,,,,,,,,,,,,,,,,,,,,,,
,,,,,,,,,,,,,,,,,,,,,,,,,,,,
,,,,,,,,,,,,,,,,,,,,,,,,,,,,
,,,,,,,,,,,,,,,,,,,,,,,,,,,,
,,,,,,,,,,,,,,,,,,,,,,,,,,,,
,,,,,,,,,,,,,,,,,,,,,,,,,,,,
,,,,,,,,,,,,,,,,,,,,,,,,,,,,
,,,,,,,,,,,,,,,,,,,,,,,,,,,,
,,,,,,,,,,,,,,,,,,,,,,,,,,,,
,,,,,,,,,,,,,,,,,,,,,,,,,,,,
,,,,,,,,,,,,,,,,,,,,,,,,,,,,
,,,,,,,,,,,,,,,,,,,,,,,,,,,,
,,,,,,,,,,,,,,,,,,,,,,,,,,,,
,,,,,,,,,,,,,,,,,,,,,,,,,,,,
,,,,,,,,,,,,,,,,,,,,,,,,,,,,
,,,,,,,,,,,,,,,,,,,,,,,,,,,,
,,,,,,,,,,,,,,,,,,,,,,,,,,,,
,,,,,,,,,,,,,,,,,,,,,,,,,,,,
,,,,,,,,,,,,,,,,,,,,,,,,,,,,
,,,,,,,,,,,,,,,,,,,,,,,,,,,,
,,,,,,,,,,,,,,,,,,,,,,,,,,,,
,,,,,,,,,,,,,,,,,,,,,,,,,,,,
,,,,,,,,,,,,,,,,,,,,,,,,,,,,
,,,,,,,,,,,,,,,,,,,,,,,,,,,,
,,,,,,,,,,,,,,,,,,,,,,,,,,,,
,,,,,,,,,,,,,,,,,,,,,,,,,,,,
,,,,,,,,,,,,,,,,,,,,,,,,,,,,
,,,,,,,,,,,,,,,,,,,,,,,,,,,,
,,,,,,,,,,,,,,,,,,,,,,,,,,,,
,,,,,,,,,,,,,,,,,,,,,,,,,,,,
,,,,,,,,,,,,,,,,,,,,,,,,,,,,
,,,,,,,,,,,,,,,,,,,,,,,,,,,,
,,,,,,,,,,,,,,,,,,,,,,,,,,,,
,,,,,,,,,,,,,,,,,,,,,,,,,,,,
,,,,,,,,,,,,,,,,,,,,,,,,,,,,
,,,,,,,,,,,,,,,,,,,,,,,,,,,,
,,,,,,,,,,,,,,,,,,,,,,,,,,,,
,,,,,,,,,,,,,,,,,,,,,,,,,,,,
,,,,,,,,,,,,,,,,,,,,,,,,,,,,
,,,,,,,,,,,,,,,,,,,,,,,,,,,,
,,,,,,,,,,,,,,,,,,,,,,,,,,,,
,,,,,,,,,,,,,,,,,,,,,,,,,,,,
,,,,,,,,,,,,,,,,,,,,,,,,,,,,
,,,,,,,,,,,,,,,,,,,,,,,,,,,,
,,,,,,,,,,,,,,,,,,,,,,,,,,,,
,,,,,,,,,,,,,,,,,,,,,,,,,,,,
,,,,,,,,,,,,,,,,,,,,,,,,,,,,
,,,,,,,,,,,,,,,,,,,,,,,,,,,,
,,,,,,,,,,,,,,,,,,,,,,,,,,,,
,,,,,,,,,,,,,,,,,,,,,,,,,,,,
,,,,,,,,,,,,,,,,,,,,,,,,,,,,
,,,,,,,,,,,,,,,,,,,,,,,,,,,,
,,,,,,,,,,,,,,,,,,,,,,,,,,,,
,,,,,,,,,,,,,,,,,,,,,,,,,,,,
,,,,,,,,,,,,,,,,,,,,,,,,,,,,
,,,,,,,,,,,,,,,,,,,,,,,,,,,,
,,,,,,,,,,,,,,,,,,,,,,,,,,,,
,,,,,,,,,,,,,,,,,,,,,,,,,,,,
,,,,,,,,,,,,,,,,,,,,,,,,,,,,
,,,,,,,,,,,,,,,,,,,,,,,,,,,,
,,,,,,,,,,,,,,,,,,,,,,,,,,,,
,,,,,,,,,,,,,,,,,,,,,,,,,,,,
,,,,,,,,,,,,,,,,,,,,,,,,,,,,
,,,,,,,,,,,,,,,,,,,,,,,,,,,,
,,,,,,,,,,,,,,,,,,,,,,,,,,,,
,,,,,,,,,,,,,,,,,,,,,,,,,,,,
,,,,,,,,,,,,,,,,,,,,,,,,,,,,
,,,,,,,,,,,,,,,,,,,,,,,,,,,,
,,,,,,,,,,,,,,,,,,,,,,,,,,,,
,,,,,,,,,,,,,,,,,,,,,,,,,,,,
,,,,,,,,,,,,,,,,,,,,,,,,,,,,
,,,,,,,,,,,,,,,,,,,,,,,,,,,,
,,,,,,,,,,,,,,,,,,,,,,,,,,,,
,,,,,,,,,,,,,,,,,,,,,,,,,,,,
,,,,,,,,,,,,,,,,,,,,,,,,,,,,
,,,,,,,,,,,,,,,,,,,,,,,,,,,,
,,,,,,,,,,,,,,,,,,,,,,,,,,,,
,,,,,,,,,,,,,,,,,,,,,,,,,,,,
,,,,,,,,,,,,,,,,,,,,,,,,,,,,
,,,,,,,,,,,,,,,,,,,,,,,,,,,,
,,,,,,,,,,,,,,,,,,,,,,,,,,,,
,,,,,,,,,,,,,,,,,,,,,,,,,,,,
,,,,,,,,,,,,,,,,,,,,,,,,,,,,
,,,,,,,,,,,,,,,,,,,,,,,,,,,,
,,,,,,,,,,,,,,,,,,,,,,,,,,,,
,,,,,,,,,,,,,,,,,,,,,,,,,,,,
,,,,,,,,,,,,,,,,,,,,,,,,,,,,
,,,,,,,,,,,,,,,,,,,,,,,,,,,,
,,,,,,,,,,,,,,,,,,,,,,,,,,,,
,,,,,,,,,,,,,,,,,,,,,,,,,,,,
,,,,,,,,,,,,,,,,,,,,,,,,,,,,
,,,,,,,,,,,,,,,,,,,,,,,,,,,,
,,,,,,,,,,,,,,,,,,,,,,,,,,,,
,,,,,,,,,,,,,,,,,,,,,,,,,,,,
,,,,,,,,,,,,,,,,,,,,,,,,,,,,
,,,,,,,,,,,,,,,,,,,,,,,,,,,,
,,,,,,,,,,,,,,,,,,,,,,,,,,,,
,,,,,,,,,,,,,,,,,,,,,,,,,,,,
,,,,,,,,,,,,,,,,,,,,,,,,,,,,
,,,,,,,,,,,,,,,,,,,,,,,,,,,,
,,,,,,,,,,,,,,,,,,,,,,,,,,,,
,,,,,,,,,,,,,,,,,,,,,,,,,,,,
,,,,,,,,,,,,,,,,,,,,,,,,,,,,
,,,,,,,,,,,,,,,,,,,,,,,,,,,,
,,,,,,,,,,,,,,,,,,,,,,,,,,,,
,,,,,,,,,,,,,,,,,,,,,,,,,,,,
,,,,,,,,,,,,,,,,,,,,,,,,,,,,
,,,,,,,,,,,,,,,,,,,,,,,,,,,,
,,,,,,,,,,,,,,,,,,,,,,,,,,,,
,,,,,,,,,,,,,,,,,,,,,,,,,,,,
,,,,,,,,,,,,,,,,,,,,,,,,,,,,
,,,,,,,,,,,,,,,,,,,,,,,,,,,,
,,,,,,,,,,,,,,,,,,,,,,,,,,,,
,,,,,,,,,,,,,,,,,,,,,,,,,,,,
,,,,,,,,,,,,,,,,,,,,,,,,,,,,
,,,,,,,,,,,,,,,,,,,,,,,,,,,,
,,,,,,,,,,,,,,,,,,,,,,,,,,,,
,,,,,,,,,,,,,,,,,,,,,,,,,,,,
,,,,,,,,,,,,,,,,,,,,,,,,,,,,
,,,,,,,,,,,,,,,,,,,,,,,,,,,,
,,,,,,,,,,,,,,,,,,,,,,,,,,,,
,,,,,,,,,,,,,,,,,,,,,,,,,,,,
,,,,,,,,,,,,,,,,,,,,,,,,,,,,
,,,,,,,,,,,,,,,,,,,,,,,,,,,,
,,,,,,,,,,,,,,,,,,,,,,,,,,,,
,,,,,,,,,,,,,,,,,,,,,,,,,,,,
,,,,,,,,,,,,,,,,,,,,,,,,,,,,
,,,,,,,,,,,,,,,,,,,,,,,,,,,,
,,,,,,,,,,,,,,,,,,,,,,,,,,,,
,,,,,,,,,,,,,,,,,,,,,,,,,,,,
,,,,,,,,,,,,,,,,,,,,,,,,,,,,
,,,,,,,,,,,,,,,,,,,,,,,,,,,,
,,,,,,,,,,,,,,,,,,,,,,,,,,,,
,,,,,,,,,,,,,,,,,,,,,,,,,,,,
,,,,,,,,,,,,,,,,,,,,,,,,,,,,
,,,,,,,,,,,,,,,,,,,,,,,,,,,,
,,,,,,,,,,,,,,,,,,,,,,,,,,,,
,,,,,,,,,,,,,,,,,,,,,,,,,,,,
,,,,,,,,,,,,,,,,,,,,,,,,,,,,
,,,,,,,,,,,,,,,,,,,,,,,,,,,,
,,,,,,,,,,,,,,,,,,,,,,,,,,,,
,,,,,,,,,,,,,,,,,,,,,,,,,,,,
,,,,,,,,,,,,,,,,,,,,,,,,,,,,
,,,,,,,,,,,,,,,,,,,,,,,,,,,,
,,,,,,,,,,,,,,,,,,,,,,,,,,,,
,,,,,,,,,,,,,,,,,,,,,,,,,,,,
,,,,,,,,,,,,,,,,,,,,,,,,,,,,
,,,,,,,,,,,,,,,,,,,,,,,,,,,,
,,,,,,,,,,,,,,,,,,,,,,,,,,,,
,,,,,,,,,,,,,,,,,,,,,,,,,,,,
,,,,,,,,,,,,,,,,,,,,,,,,,,,,
,,,,,,,,,,,,,,,,,,,,,,,,,,,,
,,,,,,,,,,,,,,,,,,,,,,,,,,,,
,,,,,,,,,,,,,,,,,,,,,,,,,,,,
,,,,,,,,,,,,,,,,,,,,,,,,,,,,
,,,,,,,,,,,,,,,,,,,,,,,,,,,,
,,,,,,,,,,,,,,,,,,,,,,,,,,,,
,,,,,,,,,,,,,,,,,,,,,,,,,,,,
,,,,,,,,,,,,,,,,,,,,,,,,,,,,
,,,,,,,,,,,,,,,,,,,,,,,,,,,,
,,,,,,,,,,,,,,,,,,,,,,,,,,,,
,,,,,,,,,,,,,,,,,,,,,,,,,,,,
,,,,,,,,,,,,,,,,,,,,,,,,,,,,
,,,,,,,,,,,,,,,,,,,,,,,,,,,,
,,,,,,,,,,,,,,,,,,,,,,,,,,,,
,,,,,,,,,,,,,,,,,,,,,,,,,,,,
,,,,,,,,,,,,,,,,,,,,,,,,,,,,
,,,,,,,,,,,,,,,,,,,,,,,,,,,,
,,,,,,,,,,,,,,,,,,,,,,,,,,,,
,,,,,,,,,,,,,,,,,,,,,,,,,,,,
,,,,,,,,,,,,,,,,,,,,,,,,,,,,
,,,,,,,,,,,,,,,,,,,,,,,,,,,,
,,,,,,,,,,,,,,,,,,,,,,,,,,,,
,,,,,,,,,,,,,,,,,,,,,,,,,,,,
,,,,,,,,,,,,,,,,,,,,,,,,,,,,
,,,,,,,,,,,,,,,,,,,,,,,,,,,,
,,,,,,,,,,,,,,,,,,,,,,,,,,,,
